"geoid","hh_county","total_treated","total_stores","treated_percentage"
"01001","AUTAUGA",0,12,0
"01003","BALDWIN",1,52,1.92
"01005","BARBOUR",0,8,0
"01007","BIBB",2,9,22.22
"01009","BLOUNT",1,15,6.67
"01011","BULLOCK",0,3,0
"01013","BUTLER",0,6,0
"01015","CALHOUN",1,40,2.5
"01017","CHAMBERS",0,9,0
"01019","CHEROKEE",0,9,0
"01021","CHILTON",0,7,0
"01023","CHOCTAW",0,4,0
"01025","CLARKE",0,8,0
"01027","CLAY",0,3,0
"01029","CLEBURNE",0,4,0
"01031","COFFEE",1,10,10
"01033","COLBERT",0,15,0
"01035","CONECUH",0,5,0
"01037","COOSA",0,2,0
"01039","COVINGTON",1,11,9.09
"01041","CRENSHAW",0,3,0
"01043","CULLMAN",0,23,0
"01045","DALE",0,10,0
"01047","DALLAS",0,11,0
"01049","DEKALB",0,15,0
"01051","ELMORE",1,21,4.76
"01053","ESCAMBIA",0,15,0
"01055","ETOWAH",0,30,0
"01057","FAYETTE",0,4,0
"01059","FRANKLIN",0,15,0
"01061","GENEVA",0,11,0
"01063","GREENE",0,2,0
"01065","HALE",0,2,0
"01067","HENRY",0,8,0
"01069","HOUSTON",0,33,0
"01071","JACKSON",0,14,0
"01073","JEFFERSON",3,207,1.45
"01075","LAMAR",0,4,0
"01077","LAUDERDALE",0,28,0
"01079","LAWRENCE",0,6,0
"01081","LEE",1,35,2.86
"01083","LIMESTONE",0,14,0
"01085","LOWNDES",0,1,0
"01087","MACON",0,6,0
"01089","MADISON",3,100,3
"01091","MARENGO",0,5,0
"01093","MARION",0,7,0
"01095","MARSHALL",0,25,0
"01097","MOBILE",4,123,3.25
"01099","MONROE",0,8,0
"01101","MONTGOMERY",1,71,1.41
"01103","MORGAN",0,24,0
"01105","PERRY",0,2,0
"01107","PICKENS",0,7,0
"01109","PIKE",0,13,0
"01111","RANDOLPH",0,5,0
"01113","RUSSELL",0,14,0
"01115","ST. CLAIR",0,14,0
"01117","SHELBY",1,51,1.96
"01119","SUMTER",0,3,0
"01121","TALLADEGA",0,28,0
"01123","TALLAPOOSA",0,12,0
"01125","TUSCALOOSA",0,52,0
"01127","WALKER",0,17,0
"01129","WASHINGTON",0,2,0
"01131","WILCOX",0,4,0
"01133","WINSTON",0,9,0
"04001","APACHE",0,13,0
"04003","COCHISE",1,22,4.55
"04005","COCONINO",0,23,0
"04007","GILA",0,9,0
"04009","GRAHAM",0,6,0
"04012","LA PAZ",0,5,0
"04013","MARICOPA",6,819,0.73
"04015","MOHAVE",0,39,0
"04017","NAVAJO",0,16,0
"04019","PIMA",1,207,0.48
"04021","PINAL",0,54,0
"04023","SANTA CRUZ",0,6,0
"04025","YAVAPAI",0,48,0
"04027","YUMA",0,30,0
"05001","ARKANSAS",1,5,20
"05003","ASHLEY",0,6,0
"05005","BAXTER",0,7,0
"05007","BENTON",1,47,2.13
"05009","BOONE",0,9,0
"05011","BRADLEY",0,5,0
"05013","CALHOUN",0,2,0
"05015","CARROLL",0,9,0
"05017","CHICOT",0,3,0
"05019","CLARK",0,4,0
"05021","CLAY",0,4,0
"05023","CLEBURNE",0,6,0
"05025","CLEVELAND",0,2,0
"05027","COLUMBIA",0,6,0
"05029","CONWAY",1,3,33.33
"05031","CRAIGHEAD",2,30,6.67
"05033","CRAWFORD",1,13,7.69
"05035","CRITTENDEN",0,11,0
"05037","CROSS",0,3,0
"05039","DALLAS",0,1,0
"05041","DESHA",0,5,0
"05045","FAULKNER",0,12,0
"05047","FRANKLIN",0,5,0
"05049","FULTON",0,1,0
"05051","GARLAND",2,26,7.69
"05053","GRANT",0,2,0
"05055","GREENE",0,11,0
"05057","HEMPSTEAD",0,2,0
"05059","HOT SPRING",0,5,0
"05061","HOWARD",0,4,0
"05063","INDEPENDENCE",0,6,0
"05065","IZARD",0,5,0
"05067","JACKSON",0,7,0
"05069","JEFFERSON",0,14,0
"05071","JOHNSON",0,7,0
"05073","LAFAYETTE",0,3,0
"05075","LAWRENCE",0,4,0
"05077","LEE",0,2,0
"05079","LINCOLN",0,2,0
"05081","LITTLE RIVER",0,3,0
"05083","LOGAN",0,4,0
"05085","LONOKE",1,15,6.67
"05087","MADISON",0,9,0
"05089","MARION",0,4,0
"05091","MILLER",0,11,0
"05093","MISSISSIPPI",1,17,5.88
"05095","MONROE",0,3,0
"05097","MONTGOMERY",0,1,0
"05099","NEVADA",0,2,0
"05101","NEWTON",0,1,0
"05103","OUACHITA",0,7,0
"05105","PERRY",0,1,0
"05107","PHILLIPS",0,2,0
"05109","PIKE",0,2,0
"05111","POINSETT",1,6,16.67
"05113","POLK",0,3,0
"05115","POPE",0,14,0
"05117","PRAIRIE",0,3,0
"05119","PULASKI",1,73,1.37
"05121","RANDOLPH",0,2,0
"05123","ST. FRANCIS",0,6,0
"05125","SALINE",0,19,0
"05127","SCOTT",0,2,0
"05129","SEARCY",0,1,0
"05131","SEBASTIAN",0,25,0
"05133","SEVIER",0,4,0
"05135","SHARP",0,3,0
"05137","STONE",0,3,0
"05139","UNION",0,10,0
"05141","VAN BUREN",0,3,0
"05143","WASHINGTON",0,46,0
"05145","WHITE",0,16,0
"05147","WOODRUFF",0,1,0
"05149","YELL",0,4,0
"06001","ALAMEDA",0,285,0
"06005","AMADOR",0,12,0
"06007","BUTTE",0,54,0
"06009","CALAVERAS",0,11,0
"06011","COLUSA",0,4,0
"06013","CONTRA COSTA",0,198,0
"06015","DEL NORTE",0,10,0
"06017","EL DORADO",0,49,0
"06019","FRESNO",0,180,0
"06021","GLENN",0,5,0
"06023","HUMBOLDT",0,43,0
"06025","IMPERIAL",0,29,0
"06027","INYO",0,6,0
"06029","KERN",0,145,0
"06031","KINGS",0,22,0
"06033","LAKE",0,15,0
"06035","LASSEN",0,6,0
"06037","LOS ANGELES",0,1638,0
"06039","MADERA",0,32,0
"06041","MARIN",0,62,0
"06043","MARIPOSA",0,3,0
"06045","MENDOCINO",0,24,0
"06047","MERCED",0,50,0
"06049","MODOC",0,2,0
"06051","MONO",0,2,0
"06053","MONTEREY",0,73,0
"06055","NAPA",0,26,0
"06057","NEVADA",0,25,0
"06059","ORANGE",0,595,0
"06061","PLACER",0,78,0
"06063","PLUMAS",0,8,0
"06065","RIVERSIDE",0,435,0
"06067","SACRAMENTO",0,273,0
"06069","SAN BENITO",0,13,0
"06071","SAN BERNARDINO",0,359,0
"06073","SAN DIEGO",0,576,0
"06075","SAN FRANCISCO",0,164,0
"06077","SAN JOAQUIN",0,126,0
"06079","SAN LUIS OBISPO",0,69,0
"06081","SAN MATEO",0,121,0
"06083","SANTA BARBARA",0,92,0
"06085","SANTA CLARA",0,331,0
"06087","SANTA CRUZ",0,66,0
"06089","SHASTA",0,45,0
"06093","SISKIYOU",0,13,0
"06095","SOLANO",0,78,0
"06097","SONOMA",0,97,0
"06099","STANISLAUS",0,118,0
"06101","SUTTER",0,19,0
"06103","TEHAMA",0,14,0
"06105","TRINITY",0,5,0
"06107","TULARE",0,96,0
"06109","TUOLUMNE",0,14,0
"06111","VENTURA",0,169,0
"06113","YOLO",0,44,0
"06115","YUBA",0,15,0
"08001","ADAMS",0,64,0
"08003","ALAMOSA",0,5,0
"08005","ARAPAHOE",0,98,0
"08007","ARCHULETA",0,5,0
"08009","BACA",0,1,0
"08011","BENT",0,1,0
"08013","BOULDER",0,75,0
"08015","CHAFFEE",0,4,0
"08019","CLEAR CREEK",0,3,0
"08021","CONEJOS",0,1,0
"08027","CUSTER",0,2,0
"08029","DELTA",0,4,0
"08031","DENVER",0,109,0
"08035","DOUGLAS",0,51,0
"08037","EAGLE",0,13,0
"08039","ELBERT",0,3,0
"08041","EL PASO",0,100,0
"08043","FREMONT",0,5,0
"08045","GARFIELD",0,12,0
"08047","GILPIN",0,1,0
"08049","GRAND",0,2,0
"08051","GUNNISON",0,3,0
"08055","HUERFANO",0,3,0
"08059","JEFFERSON",0,113,0
"08063","KIT CARSON",0,1,0
"08065","LAKE",0,2,0
"08067","LA PLATA",0,13,0
"08069","LARIMER",0,53,0
"08071","LAS ANIMAS",0,1,0
"08073","LINCOLN",0,2,0
"08075","LOGAN",0,5,0
"08077","MESA",0,31,0
"08081","MOFFAT",0,4,0
"08083","MONTEZUMA",0,5,0
"08085","MONTROSE",0,9,0
"08087","MORGAN",0,6,0
"08089","OTERO",0,2,0
"08091","OURAY",0,1,0
"08093","PARK",0,6,0
"08097","PITKIN",0,3,0
"08099","PROWERS",0,4,0
"08101","PUEBLO",0,24,0
"08103","RIO BLANCO",0,4,0
"08105","RIO GRANDE",0,5,0
"08107","ROUTT",0,8,0
"08113","SAN MIGUEL",0,1,0
"08115","SEDGWICK",0,1,0
"08117","SUMMIT",0,10,0
"08119","TELLER",0,5,0
"08121","WASHINGTON",0,3,0
"08123","WELD",0,41,0
"08125","YUMA",0,4,0
"09001","FAIRFIELD",0,212,0
"09003","HARTFORD",0,229,0
"09005","LITCHFIELD",0,71,0
"09007","MIDDLESEX",0,45,0
"09009","NEW HAVEN",0,187,0
"09011","NEW LONDON",0,59,0
"09013","TOLLAND",0,34,0
"09015","WINDHAM",0,33,0
"10001","KENT",0,44,0
"10003","NEW CASTLE",0,137,0
"10005","SUSSEX",0,83,0
"11001","DISTRICT OF COLUMBIA",1,152,0.66
"12001","ALACHUA",3,66,4.55
"12003","BAKER",3,8,37.5
"12005","BAY",3,47,6.38
"12007","BRADFORD",0,7,0
"12009","BREVARD",5,135,3.7
"12011","BROWARD",15,452,3.32
"12013","CALHOUN",0,7,0
"12015","CHARLOTTE",1,44,2.27
"12017","CITRUS",0,41,0
"12019","CLAY",3,49,6.12
"12021","COLLIER",8,92,8.7
"12023","COLUMBIA",1,16,6.25
"12027","DESOTO",0,7,0
"12029","DIXIE",2,6,33.33
"12031","DUVAL",11,216,5.09
"12033","ESCAMBIA",5,79,6.33
"12035","FLAGLER",0,17,0
"12039","GADSDEN",0,10,0
"12041","GILCHRIST",1,5,20
"12045","GULF",0,7,0
"12047","HAMILTON",0,4,0
"12049","HARDEE",0,2,0
"12051","HENDRY",0,12,0
"12053","HERNANDO",2,45,4.44
"12055","HIGHLANDS",5,30,16.67
"12057","HILLSBOROUGH",11,291,3.78
"12059","HOLMES",0,3,0
"12061","INDIAN RIVER",1,35,2.86
"12063","JACKSON",1,14,7.14
"12065","JEFFERSON",0,3,0
"12069","LAKE",1,88,1.14
"12071","LEE",7,176,3.98
"12073","LEON",9,75,12
"12075","LEVY",0,9,0
"12079","MADISON",0,3,0
"12081","MANATEE",6,96,6.25
"12083","MARION",2,84,2.38
"12085","MARTIN",0,32,0
"12086","MIAMI-DADE",18,534,3.37
"12087","MONROE",2,28,7.14
"12089","NASSAU",0,17,0
"12091","OKALOOSA",4,43,9.3
"12093","OKEECHOBEE",1,7,14.29
"12095","ORANGE",17,282,6.03
"12097","OSCEOLA",2,73,2.74
"12099","PALM BEACH",13,365,3.56
"12101","PASCO",7,129,5.43
"12103","PINELLAS",9,277,3.25
"12105","POLK",3,132,2.27
"12107","PUTNAM",2,26,7.69
"12109","ST. JOHNS",4,57,7.02
"12111","ST. LUCIE",1,75,1.33
"12113","SANTA ROSA",4,30,13.33
"12115","SARASOTA",5,113,4.42
"12117","SEMINOLE",5,101,4.95
"12119","SUMTER",0,14,0
"12121","SUWANNEE",0,7,0
"12123","TAYLOR",0,7,0
"12125","UNION",0,3,0
"12127","VOLUSIA",12,144,8.33
"12129","WAKULLA",0,6,0
"12131","WALTON",4,22,18.18
"12133","WASHINGTON",0,3,0
"13001","APPLING",0,5,0
"13003","ATKINSON",0,4,0
"13005","BACON",0,1,0
"13009","BALDWIN",0,12,0
"13011","BANKS",0,1,0
"13013","BARROW",0,11,0
"13015","BARTOW",2,20,10
"13017","BEN HILL",0,4,0
"13019","BERRIEN",0,6,0
"13021","BIBB",1,58,1.72
"13023","BLECKLEY",0,8,0
"13025","BRANTLEY",0,3,0
"13027","BROOKS",0,9,0
"13029","BRYAN",0,8,0
"13031","BULLOCH",0,10,0
"13033","BURKE",0,6,0
"13035","BUTTS",0,5,0
"13037","CALHOUN",0,2,0
"13039","CAMDEN",1,13,7.69
"13043","CANDLER",0,3,0
"13045","CARROLL",0,30,0
"13047","CATOOSA",0,8,0
"13049","CHARLTON",0,2,0
"13051","CHATHAM",0,70,0
"13055","CHATTOOGA",0,7,0
"13057","CHEROKEE",1,53,1.89
"13059","CLARKE",0,36,0
"13063","CLAYTON",0,48,0
"13067","COBB",2,164,1.22
"13069","COFFEE",0,9,0
"13071","COLQUITT",0,8,0
"13073","COLUMBIA",1,39,2.56
"13075","COOK",1,6,16.67
"13077","COWETA",2,29,6.9
"13079","CRAWFORD",0,1,0
"13081","CRISP",0,6,0
"13083","DADE",0,4,0
"13085","DAWSON",0,8,0
"13087","DECATUR",0,7,0
"13089","DEKALB",4,162,2.47
"13091","DODGE",0,3,0
"13095","DOUGHERTY",2,35,5.71
"13097","DOUGLAS",0,23,0
"13099","EARLY",0,6,0
"13103","EFFINGHAM",0,10,0
"13105","ELBERT",0,6,0
"13107","EMANUEL",0,6,0
"13109","EVANS",0,5,0
"13111","FANNIN",1,13,7.69
"13113","FAYETTE",0,24,0
"13115","FLOYD",0,25,0
"13117","FORSYTH",2,24,8.33
"13119","FRANKLIN",0,8,0
"13121","FULTON",3,243,1.23
"13123","GILMER",0,8,0
"13127","GLYNN",0,21,0
"13129","GORDON",0,13,0
"13131","GRADY",1,10,10
"13133","GREENE",0,2,0
"13135","GWINNETT",4,175,2.29
"13137","HABERSHAM",0,9,0
"13139","HALL",1,39,2.56
"13143","HARALSON",0,12,0
"13145","HARRIS",0,14,0
"13147","HART",0,5,0
"13149","HEARD",0,1,0
"13151","HENRY",1,44,2.27
"13153","HOUSTON",1,34,2.94
"13157","JACKSON",2,27,7.41
"13159","JASPER",0,1,0
"13161","JEFF DAVIS",0,3,0
"13163","JEFFERSON",0,6,0
"13165","JENKINS",0,2,0
"13167","JOHNSON",0,6,0
"13169","JONES",0,3,0
"13171","LAMAR",0,6,0
"13175","LAURENS",0,13,0
"13177","LEE",0,7,0
"13179","LIBERTY",0,12,0
"13181","LINCOLN",1,4,25
"13183","LONG",0,1,0
"13185","LOWNDES",1,19,5.26
"13187","LUMPKIN",0,4,0
"13189","MCDUFFIE",0,6,0
"13191","MCINTOSH",1,3,33.33
"13193","MACON",0,1,0
"13195","MADISON",0,4,0
"13197","MARION",0,1,0
"13199","MERIWETHER",0,2,0
"13201","MILLER",0,2,0
"13205","MITCHELL",0,7,0
"13207","MONROE",0,5,0
"13209","MONTGOMERY",0,2,0
"13211","MORGAN",0,4,0
"13213","MURRAY",0,7,0
"13215","MUSCOGEE",0,43,0
"13217","NEWTON",0,24,0
"13219","OCONEE",0,5,0
"13221","OGLETHORPE",0,4,0
"13223","PAULDING",0,22,0
"13225","PEACH",1,14,7.14
"13227","PICKENS",0,14,0
"13229","PIERCE",1,13,7.69
"13231","PIKE",0,4,0
"13233","POLK",0,9,0
"13235","PULASKI",0,2,0
"13237","PUTNAM",0,10,0
"13241","RABUN",0,3,0
"13245","RICHMOND",6,55,10.91
"13247","ROCKDALE",1,19,5.26
"13249","SCHLEY",1,4,25
"13251","SCREVEN",0,6,0
"13253","SEMINOLE",1,5,20
"13255","SPALDING",0,16,0
"13257","STEPHENS",0,9,0
"13259","STEWART",0,1,0
"13261","SUMTER",1,11,9.09
"13263","TALBOT",0,1,0
"13265","TALIAFERRO",0,2,0
"13267","TATTNALL",1,3,33.33
"13271","TELFAIR",0,4,0
"13275","THOMAS",0,12,0
"13277","TIFT",0,15,0
"13279","TOOMBS",0,7,0
"13281","TOWNS",0,2,0
"13285","TROUP",0,18,0
"13287","TURNER",0,3,0
"13289","TWIGGS",0,1,0
"13291","UNION",0,7,0
"13293","UPSON",0,7,0
"13295","WALKER",0,23,0
"13297","WALTON",0,21,0
"13299","WARE",1,7,14.29
"13303","WASHINGTON",0,6,0
"13305","WAYNE",0,11,0
"13311","WHITE",0,6,0
"13313","WHITFIELD",0,27,0
"13315","WILCOX",0,3,0
"13317","WILKES",0,2,0
"13319","WILKINSON",0,1,0
"13321","WORTH",0,4,0
"16001","ADA",0,71,0
"16003","ADAMS",0,1,0
"16005","BANNOCK",0,16,0
"16007","BEAR LAKE",0,4,0
"16009","BENEWAH",0,3,0
"16011","BINGHAM",0,9,0
"16013","BLAINE",0,3,0
"16015","BOISE",0,3,0
"16017","BONNER",0,9,0
"16019","BONNEVILLE",0,23,0
"16021","BOUNDARY",0,2,0
"16023","BUTTE",0,2,0
"16027","CANYON",0,34,0
"16031","CASSIA",0,3,0
"16035","CLEARWATER",0,3,0
"16039","ELMORE",0,3,0
"16041","FRANKLIN",0,1,0
"16043","FREMONT",0,2,0
"16045","GEM",0,3,0
"16047","GOODING",0,4,0
"16049","IDAHO",0,5,0
"16051","JEFFERSON",0,3,0
"16053","JEROME",0,1,0
"16055","KOOTENAI",0,30,0
"16057","LATAH",0,9,0
"16059","LEMHI",0,2,0
"16061","LEWIS",0,1,0
"16065","MADISON",0,6,0
"16067","MINIDOKA",0,6,0
"16069","NEZ PERCE",0,11,0
"16071","ONEIDA",0,2,0
"16073","OWYHEE",0,1,0
"16075","PAYETTE",0,6,0
"16077","POWER",0,1,0
"16079","SHOSHONE",0,4,0
"16081","TETON",0,1,0
"16083","TWIN FALLS",0,19,0
"16085","VALLEY",0,3,0
"17001","ADAMS",0,11,0
"17005","BOND",0,7,0
"17007","BOONE",0,9,0
"17009","BROWN",0,1,0
"17011","BUREAU",0,5,0
"17013","CALHOUN",0,1,0
"17015","CARROLL",0,3,0
"17017","CASS",0,3,0
"17019","CHAMPAIGN",0,49,0
"17021","CHRISTIAN",0,10,0
"17023","CLARK",0,5,0
"17025","CLAY",0,4,0
"17027","CLINTON",0,14,0
"17029","COLES",0,16,0
"17031","COOK",2,1131,0.18
"17033","CRAWFORD",0,3,0
"17035","CUMBERLAND",0,2,0
"17037","DEKALB",0,23,0
"17039","DE WITT",0,5,0
"17041","DOUGLAS",0,5,0
"17043","DUPAGE",5,229,2.18
"17045","EDGAR",0,7,0
"17049","EFFINGHAM",0,8,0
"17051","FAYETTE",0,3,0
"17053","FORD",0,1,0
"17055","FRANKLIN",0,11,0
"17057","FULTON",0,13,0
"17061","GREENE",1,4,25
"17063","GRUNDY",0,11,0
"17065","HAMILTON",0,3,0
"17067","HANCOCK",0,2,0
"17071","HENDERSON",0,1,0
"17073","HENRY",0,18,0
"17075","IROQUOIS",0,9,0
"17077","JACKSON",0,20,0
"17079","JASPER",0,5,0
"17081","JEFFERSON",0,7,0
"17083","JERSEY",0,6,0
"17085","JO DAVIESS",0,5,0
"17087","JOHNSON",0,3,0
"17089","KANE",2,109,1.83
"17091","KANKAKEE",0,28,0
"17093","KENDALL",0,21,0
"17095","KNOX",0,13,0
"17097","LAKE",1,149,0.67
"17099","LASALLE",0,28,0
"17101","LAWRENCE",0,4,0
"17103","LEE",0,8,0
"17105","LIVINGSTON",0,8,0
"17107","LOGAN",0,8,0
"17109","MCDONOUGH",0,9,0
"17111","MCHENRY",0,71,0
"17113","MCLEAN",0,35,0
"17115","MACON",0,27,0
"17117","MACOUPIN",0,9,0
"17119","MADISON",0,70,0
"17121","MARION",0,16,0
"17123","MARSHALL",0,1,0
"17125","MASON",0,3,0
"17127","MASSAC",0,2,0
"17129","MENARD",0,3,0
"17131","MERCER",0,2,0
"17133","MONROE",0,8,0
"17135","MONTGOMERY",0,6,0
"17137","MORGAN",0,12,0
"17139","MOULTRIE",0,4,0
"17141","OGLE",0,14,0
"17143","PEORIA",0,54,0
"17145","PERRY",0,4,0
"17147","PIATT",0,3,0
"17149","PIKE",0,5,0
"17157","RANDOLPH",0,6,0
"17159","RICHLAND",0,2,0
"17161","ROCK ISLAND",1,37,2.7
"17163","ST. CLAIR",0,50,0
"17165","SALINE",0,5,0
"17167","SANGAMON",0,56,0
"17169","SCHUYLER",0,3,0
"17171","SCOTT",0,3,0
"17173","SHELBY",0,3,0
"17177","STEPHENSON",0,13,0
"17179","TAZEWELL",0,30,0
"17181","UNION",0,3,0
"17183","VERMILION",0,26,0
"17185","WABASH",0,4,0
"17187","WARREN",0,2,0
"17189","WASHINGTON",0,1,0
"17191","WAYNE",0,7,0
"17193","WHITE",0,4,0
"17195","WHITESIDE",0,13,0
"17197","WILL",2,124,1.61
"17199","WILLIAMSON",0,11,0
"17201","WINNEBAGO",0,71,0
"17203","WOODFORD",0,8,0
"18001","ADAMS",0,8,0
"18003","ALLEN",0,78,0
"18005","BARTHOLOMEW",1,20,5
"18007","BENTON",0,2,0
"18009","BLACKFORD",0,2,0
"18011","BOONE",1,15,6.67
"18013","BROWN",0,3,0
"18015","CARROLL",0,4,0
"18017","CASS",0,14,0
"18019","CLARK",0,24,0
"18021","CLAY",0,3,0
"18023","CLINTON",1,10,10
"18025","CRAWFORD",0,1,0
"18027","DAVIESS",0,5,0
"18029","DEARBORN",0,16,0
"18031","DECATUR",0,6,0
"18033","DEKALB",0,9,0
"18035","DELAWARE",0,30,0
"18037","DUBOIS",0,16,0
"18039","ELKHART",1,41,2.44
"18041","FAYETTE",0,4,0
"18043","FLOYD",0,19,0
"18045","FOUNTAIN",0,4,0
"18047","FRANKLIN",0,6,0
"18049","FULTON",0,6,0
"18051","GIBSON",0,11,0
"18053","GRANT",0,19,0
"18055","GREENE",0,13,0
"18057","HAMILTON",2,59,3.39
"18059","HANCOCK",0,11,0
"18061","HARRISON",0,9,0
"18063","HENDRICKS",0,29,0
"18065","HENRY",1,11,9.09
"18067","HOWARD",0,20,0
"18069","HUNTINGTON",0,12,0
"18071","JACKSON",0,9,0
"18073","JASPER",0,12,0
"18075","JAY",0,7,0
"18077","JEFFERSON",0,9,0
"18079","JENNINGS",0,7,0
"18081","JOHNSON",0,33,0
"18083","KNOX",0,9,0
"18085","KOSCIUSKO",0,20,0
"18087","LAGRANGE",0,12,0
"18089","LAKE",1,113,0.88
"18091","LAPORTE",0,31,0
"18093","LAWRENCE",0,11,0
"18095","MADISON",0,36,0
"18097","MARION",0,247,0
"18099","MARSHALL",0,10,0
"18101","MARTIN",0,5,0
"18103","MIAMI",0,8,0
"18105","MONROE",0,30,0
"18107","MONTGOMERY",0,7,0
"18109","MORGAN",0,15,0
"18111","NEWTON",0,3,0
"18113","NOBLE",0,9,0
"18117","ORANGE",0,5,0
"18119","OWEN",0,10,0
"18121","PARKE",0,4,0
"18123","PERRY",0,7,0
"18125","PIKE",0,4,0
"18127","PORTER",0,33,0
"18129","POSEY",0,4,0
"18131","PULASKI",0,2,0
"18133","PUTNAM",0,5,0
"18135","RANDOLPH",0,9,0
"18137","RIPLEY",0,12,0
"18139","RUSH",0,4,0
"18141","ST. JOSEPH",0,70,0
"18143","SCOTT",0,5,0
"18145","SHELBY",0,9,0
"18147","SPENCER",0,4,0
"18149","STARKE",0,9,0
"18151","STEUBEN",0,8,0
"18153","SULLIVAN",0,4,0
"18157","TIPPECANOE",0,36,0
"18159","TIPTON",0,3,0
"18161","UNION",0,3,0
"18163","VANDERBURGH",0,53,0
"18165","VERMILLION",0,6,0
"18167","VIGO",0,24,0
"18169","WABASH",0,9,0
"18171","WARREN",0,1,0
"18173","WARRICK",0,12,0
"18175","WASHINGTON",0,10,0
"18177","WAYNE",0,21,0
"18179","WELLS",0,6,0
"18181","WHITE",0,6,0
"18183","WHITLEY",0,8,0
"19001","ADAIR",0,2,0
"19003","ADAMS",0,2,0
"19005","ALLAMAKEE",0,2,0
"19007","APPANOOSE",0,5,0
"19009","AUDUBON",0,5,0
"19011","BENTON",0,3,0
"19013","BLACK HAWK",0,29,0
"19015","BOONE",0,8,0
"19017","BREMER",0,6,0
"19019","BUCHANAN",0,3,0
"19021","BUENA VISTA",0,7,0
"19023","BUTLER",0,1,0
"19027","CARROLL",0,6,0
"19029","CASS",0,5,0
"19031","CEDAR",0,1,0
"19033","CERRO GORDO",0,12,0
"19035","CHEROKEE",0,3,0
"19037","CHICKASAW",0,3,0
"19039","CLARKE",0,5,0
"19041","CLAY",0,5,0
"19043","CLAYTON",0,4,0
"19045","CLINTON",0,11,0
"19047","CRAWFORD",0,4,0
"19049","DALLAS",0,14,0
"19051","DAVIS",0,2,0
"19053","DECATUR",0,3,0
"19055","DELAWARE",0,2,0
"19057","DES MOINES",0,13,0
"19059","DICKINSON",0,4,0
"19061","DUBUQUE",0,22,0
"19063","EMMET",0,6,0
"19065","FAYETTE",0,6,0
"19067","FLOYD",0,5,0
"19069","FRANKLIN",0,2,0
"19071","FREMONT",0,2,0
"19073","GREENE",0,6,0
"19075","GRUNDY",0,4,0
"19077","GUTHRIE",0,4,0
"19079","HAMILTON",0,4,0
"19081","HANCOCK",0,3,0
"19083","HARDIN",0,4,0
"19085","HARRISON",0,4,0
"19087","HENRY",0,4,0
"19089","HOWARD",0,4,0
"19091","HUMBOLDT",0,2,0
"19093","IDA",0,2,0
"19095","IOWA",0,2,0
"19097","JACKSON",0,4,0
"19099","JASPER",0,7,0
"19101","JEFFERSON",0,4,0
"19103","JOHNSON",0,29,0
"19105","JONES",0,4,0
"19107","KEOKUK",0,2,0
"19109","KOSSUTH",0,4,0
"19111","LEE",0,12,0
"19113","LINN",0,44,0
"19117","LUCAS",0,2,0
"19119","LYON",0,5,0
"19121","MADISON",0,4,0
"19123","MAHASKA",0,3,0
"19125","MARION",0,6,0
"19127","MARSHALL",0,8,0
"19129","MILLS",0,5,0
"19131","MITCHELL",0,1,0
"19133","MONONA",0,3,0
"19135","MONROE",0,2,0
"19137","MONTGOMERY",0,5,0
"19139","MUSCATINE",0,14,0
"19141","O'BRIEN",0,5,0
"19143","OSCEOLA",0,4,0
"19145","PAGE",0,6,0
"19147","PALO ALTO",0,2,0
"19149","PLYMOUTH",0,4,0
"19151","POCAHONTAS",0,1,0
"19153","POLK",0,101,0
"19155","POTTAWATTAMIE",0,21,0
"19157","POWESHIEK",0,5,0
"19161","SAC",0,3,0
"19163","SCOTT",0,37,0
"19165","SHELBY",0,5,0
"19167","SIOUX",0,6,0
"19169","STORY",0,18,0
"19171","TAMA",0,3,0
"19173","TAYLOR",0,3,0
"19175","UNION",0,2,0
"19177","VAN BUREN",0,2,0
"19179","WAPELLO",0,10,0
"19181","WARREN",0,8,0
"19183","WASHINGTON",0,8,0
"19185","WAYNE",0,2,0
"19187","WEBSTER",0,10,0
"19189","WINNEBAGO",0,1,0
"19191","WINNESHIEK",0,4,0
"19193","WOODBURY",0,26,0
"19195","WORTH",0,2,0
"19197","WRIGHT",0,8,0
"20001","ALLEN",0,4,0
"20003","ANDERSON",0,2,0
"20005","ATCHISON",0,4,0
"20009","BARTON",0,6,0
"20011","BOURBON",0,5,0
"20013","BROWN",0,5,0
"20015","BUTLER",0,12,0
"20021","CHEROKEE",0,7,0
"20027","CLAY",0,3,0
"20029","CLOUD",0,2,0
"20031","COFFEY",0,2,0
"20035","COWLEY",0,6,0
"20037","CRAWFORD",0,6,0
"20039","DECATUR",0,1,0
"20041","DICKINSON",0,4,0
"20045","DOUGLAS",0,20,0
"20051","ELLIS",0,5,0
"20053","ELLSWORTH",0,3,0
"20055","FINNEY",0,5,0
"20057","FORD",0,6,0
"20059","FRANKLIN",0,5,0
"20061","GEARY",0,3,0
"20063","GOVE",0,1,0
"20067","GRANT",0,1,0
"20073","GREENWOOD",0,4,0
"20077","HARPER",0,4,0
"20079","HARVEY",0,4,0
"20085","JACKSON",0,5,0
"20087","JEFFERSON",0,3,0
"20091","JOHNSON",0,131,0
"20095","KINGMAN",0,3,0
"20097","KIOWA",0,1,0
"20099","LABETTE",0,4,0
"20103","LEAVENWORTH",0,11,0
"20105","LINCOLN",0,1,0
"20107","LINN",0,2,0
"20111","LYON",0,7,0
"20113","MCPHERSON",0,6,0
"20115","MARION",0,4,0
"20117","MARSHALL",0,4,0
"20119","MEADE",0,1,0
"20121","MIAMI",0,7,0
"20123","MITCHELL",0,2,0
"20125","MONTGOMERY",0,10,0
"20131","NEMAHA",0,4,0
"20133","NEOSHO",0,3,0
"20135","NESS",0,1,0
"20137","NORTON",0,3,0
"20139","OSAGE",0,3,0
"20141","OSBORNE",0,1,0
"20143","OTTAWA",0,1,0
"20145","PAWNEE",0,3,0
"20147","PHILLIPS",0,3,0
"20149","POTTAWATOMIE",0,4,0
"20151","PRATT",0,3,0
"20153","RAWLINS",0,2,0
"20155","RENO",0,12,0
"20157","REPUBLIC",0,3,0
"20159","RICE",0,3,0
"20161","RILEY",0,15,0
"20163","ROOKS",0,2,0
"20167","RUSSELL",0,4,0
"20169","SALINE",0,13,0
"20171","SCOTT",0,5,0
"20173","SEDGWICK",0,101,0
"20175","SEWARD",0,3,0
"20177","SHAWNEE",0,41,0
"20179","SHERIDAN",0,2,0
"20181","SHERMAN",0,3,0
"20183","SMITH",0,2,0
"20191","SUMNER",0,5,0
"20193","THOMAS",0,1,0
"20195","TREGO",0,1,0
"20197","WABAUNSEE",0,2,0
"20201","WASHINGTON",0,1,0
"20203","WICHITA",0,3,0
"20205","WILSON",0,1,0
"20209","WYANDOTTE",0,32,0
"21001","ADAIR",0,4,0
"21003","ALLEN",0,5,0
"21005","ANDERSON",0,4,0
"21007","BALLARD",0,1,0
"21009","BARREN",0,13,0
"21011","BATH",0,2,0
"21013","BELL",0,10,0
"21015","BOONE",0,19,0
"21017","BOURBON",0,7,0
"21019","BOYD",0,17,0
"21021","BOYLE",0,9,0
"21025","BREATHITT",0,5,0
"21027","BRECKINRIDGE",0,3,0
"21029","BULLITT",0,12,0
"21031","BUTLER",0,5,0
"21033","CALDWELL",0,3,0
"21035","CALLOWAY",0,7,0
"21037","CAMPBELL",0,18,0
"21041","CARROLL",0,2,0
"21043","CARTER",0,9,0
"21045","CASEY",0,6,0
"21047","CHRISTIAN",0,16,0
"21049","CLARK",0,8,0
"21051","CLAY",0,6,0
"21053","CLINTON",0,2,0
"21055","CRITTENDEN",0,3,0
"21057","CUMBERLAND",0,1,0
"21059","DAVIESS",1,25,4
"21061","EDMONSON",0,4,0
"21065","ESTILL",0,4,0
"21067","FAYETTE",0,76,0
"21069","FLEMING",0,5,0
"21071","FLOYD",0,12,0
"21073","FRANKLIN",0,15,0
"21075","FULTON",0,1,0
"21077","GALLATIN",0,1,0
"21079","GARRARD",0,3,0
"21081","GRANT",0,3,0
"21083","GRAVES",0,8,0
"21085","GRAYSON",0,7,0
"21087","GREEN",0,4,0
"21089","GREENUP",0,8,0
"21091","HANCOCK",0,2,0
"21093","HARDIN",0,22,0
"21095","HARLAN",0,11,0
"21097","HARRISON",1,5,20
"21099","HART",0,8,0
"21101","HENDERSON",0,9,0
"21103","HENRY",0,5,0
"21105","HICKMAN",0,2,0
"21107","HOPKINS",0,11,0
"21109","JACKSON",0,4,0
"21111","JEFFERSON",0,201,0
"21113","JESSAMINE",0,8,0
"21115","JOHNSON",0,6,0
"21117","KENTON",0,35,0
"21119","KNOTT",0,4,0
"21121","KNOX",0,2,0
"21123","LARUE",0,4,0
"21125","LAUREL",0,12,0
"21127","LAWRENCE",0,12,0
"21129","LEE",0,5,0
"21131","LESLIE",0,5,0
"21133","LETCHER",0,6,0
"21135","LEWIS",0,4,0
"21137","LINCOLN",0,8,0
"21139","LIVINGSTON",0,3,0
"21141","LOGAN",0,8,0
"21143","LYON",0,7,0
"21145","MCCRACKEN",0,16,0
"21147","MCCREARY",0,6,0
"21149","MCLEAN",0,2,0
"21151","MADISON",0,16,0
"21153","MAGOFFIN",0,4,0
"21155","MARION",0,6,0
"21157","MARSHALL",0,6,0
"21159","MARTIN",0,2,0
"21161","MASON",0,4,0
"21163","MEADE",0,3,0
"21165","MENIFEE",0,1,0
"21167","MERCER",0,6,0
"21169","METCALFE",0,7,0
"21171","MONROE",0,5,0
"21173","MONTGOMERY",0,5,0
"21175","MORGAN",0,2,0
"21177","MUHLENBERG",0,9,0
"21179","NELSON",0,7,0
"21181","NICHOLAS",0,2,0
"21183","OHIO",0,6,0
"21185","OLDHAM",0,10,0
"21187","OWEN",0,4,0
"21191","PENDLETON",0,4,0
"21193","PERRY",0,6,0
"21195","PIKE",1,27,3.7
"21197","POWELL",0,4,0
"21199","PULASKI",0,18,0
"21203","ROCKCASTLE",0,4,0
"21205","ROWAN",0,8,0
"21207","RUSSELL",0,8,0
"21209","SCOTT",0,10,0
"21211","SHELBY",0,6,0
"21213","SIMPSON",0,4,0
"21215","SPENCER",0,4,0
"21217","TAYLOR",0,5,0
"21219","TODD",0,5,0
"21221","TRIGG",0,1,0
"21223","TRIMBLE",0,1,0
"21225","UNION",0,6,0
"21227","WARREN",0,32,0
"21229","WASHINGTON",0,3,0
"21231","WAYNE",0,5,0
"21233","WEBSTER",1,5,20
"21235","WHITLEY",0,13,0
"21237","WOLFE",0,2,0
"21239","WOODFORD",0,5,0
"22001","ACADIA",0,14,0
"22003","ALLEN",0,5,0
"22005","ASCENSION",1,21,4.76
"22007","ASSUMPTION",0,4,0
"22009","AVOYELLES",0,7,0
"22011","BEAUREGARD",0,4,0
"22013","BIENVILLE",0,2,0
"22015","BOSSIER",1,29,3.45
"22017","CADDO",1,55,1.82
"22019","CALCASIEU",1,51,1.96
"22021","CALDWELL",0,4,0
"22027","CLAIBORNE",0,4,0
"22029","CONCORDIA",1,4,25
"22031","DE SOTO",0,1,0
"22033","EAST BATON ROUGE",2,111,1.8
"22037","EAST FELICIANA",1,4,25
"22039","EVANGELINE",1,5,20
"22041","FRANKLIN",1,5,20
"22043","GRANT",0,2,0
"22045","IBERIA",1,16,6.25
"22047","IBERVILLE",0,11,0
"22049","JACKSON",0,1,0
"22051","JEFFERSON",8,116,6.9
"22053","JEFFERSON DAVIS",0,9,0
"22055","LAFAYETTE",4,64,6.25
"22057","LAFOURCHE",0,22,0
"22059","LASALLE",0,2,0
"22061","LINCOLN",0,10,0
"22063","LIVINGSTON",2,32,6.25
"22065","MADISON",0,3,0
"22067","MOREHOUSE",1,7,14.29
"22069","NATCHITOCHES",0,8,0
"22071","ORLEANS",3,101,2.97
"22073","OUACHITA",0,35,0
"22075","PLAQUEMINES",0,4,0
"22077","POINTE COUPEE",0,5,0
"22079","RAPIDES",2,31,6.45
"22081","RED RIVER",0,1,0
"22083","RICHLAND",1,7,14.29
"22085","SABINE",1,12,8.33
"22087","ST. BERNARD",0,12,0
"22089","ST. CHARLES",0,10,0
"22091","ST. HELENA",0,1,0
"22093","ST. JAMES",0,7,0
"22095","ST. JOHN THE BAPTIST",0,10,0
"22097","ST. LANDRY",0,20,0
"22099","ST. MARTIN",0,8,0
"22101","ST. MARY",0,16,0
"22103","ST. TAMMANY",3,61,4.92
"22105","TANGIPAHOA",0,29,0
"22107","TENSAS",0,1,0
"22109","TERREBONNE",1,34,2.94
"22111","UNION",0,3,0
"22113","VERMILION",1,19,5.26
"22115","VERNON",0,6,0
"22117","WASHINGTON",0,13,0
"22119","WEBSTER",0,10,0
"22121","WEST BATON ROUGE",0,6,0
"22125","WEST FELICIANA",0,4,0
"22127","WINN",0,4,0
"23001","ANDROSCOGGIN",0,28,0
"23003","AROOSTOOK",1,29,3.45
"23005","CUMBERLAND",1,78,1.28
"23007","FRANKLIN",1,11,9.09
"23009","HANCOCK",0,22,0
"23011","KENNEBEC",0,41,0
"23013","KNOX",0,12,0
"23015","LINCOLN",0,10,0
"23017","OXFORD",0,19,0
"23019","PENOBSCOT",0,44,0
"23021","PISCATAQUIS",1,8,12.5
"23023","SAGADAHOC",0,5,0
"23025","SOMERSET",0,15,0
"23027","WALDO",0,8,0
"23029","WASHINGTON",0,15,0
"23031","YORK",1,48,2.08
"24001","ALLEGANY",0,27,0
"24003","ANNE ARUNDEL",0,119,0
"24005","BALTIMORE",1,191,0.52
"24009","CALVERT",1,23,4.35
"24011","CAROLINE",0,11,0
"24013","CARROLL",1,37,2.7
"24015","CECIL",0,22,0
"24017","CHARLES",2,38,5.26
"24019","DORCHESTER",0,5,0
"24021","FREDERICK",1,62,1.61
"24023","GARRETT",0,2,0
"24025","HARFORD",0,63,0
"24027","HOWARD",0,57,0
"24029","KENT",0,11,0
"24031","MONTGOMERY",4,191,2.09
"24033","PRINCE GEORGE'S",5,168,2.98
"24035","QUEEN ANNE'S",0,9,0
"24037","ST. MARY'S",1,23,4.35
"24039","SOMERSET",0,5,0
"24041","TALBOT",0,22,0
"24043","WASHINGTON",0,34,0
"24045","WICOMICO",1,24,4.17
"24047","WORCESTER",1,29,3.45
"24510","BALTIMORE CITY",0,151,0
"25001","BARNSTABLE",1,69,1.45
"25003","BERKSHIRE",0,38,0
"25005","BRISTOL",2,150,1.33
"25007","DUKES",0,6,0
"25009","ESSEX",1,177,0.56
"25011","FRANKLIN",0,20,0
"25013","HAMPDEN",0,104,0
"25015","HAMPSHIRE",0,31,0
"25017","MIDDLESEX",2,324,0.62
"25021","NORFOLK",1,150,0.67
"25023","PLYMOUTH",0,125,0
"25025","SUFFOLK",1,148,0.68
"25027","WORCESTER",4,188,2.13
"26001","ALCONA",0,6,0
"26003","ALGER",0,4,0
"26005","ALLEGAN",0,17,0
"26007","ALPENA",0,9,0
"26009","ANTRIM",0,9,0
"26011","ARENAC",0,4,0
"26013","BARAGA",0,5,0
"26015","BARRY",0,11,0
"26017","BAY",0,25,0
"26019","BENZIE",0,4,0
"26021","BERRIEN",0,44,0
"26023","BRANCH",0,9,0
"26025","CALHOUN",0,35,0
"26027","CASS",0,19,0
"26029","CHARLEVOIX",0,9,0
"26031","CHEBOYGAN",0,6,0
"26033","CHIPPEWA",0,12,0
"26035","CLARE",0,12,0
"26037","CLINTON",0,12,0
"26039","CRAWFORD",0,5,0
"26041","DELTA",0,9,0
"26043","DICKINSON",0,10,0
"26045","EATON",0,24,0
"26047","EMMET",0,13,0
"26049","GENESEE",0,107,0
"26051","GLADWIN",0,9,0
"26053","GOGEBIC",0,5,0
"26055","GRAND TRAVERSE",1,32,3.12
"26057","GRATIOT",0,16,0
"26059","HILLSDALE",0,10,0
"26061","HOUGHTON",0,11,0
"26063","HURON",0,11,0
"26065","INGHAM",0,56,0
"26067","IONIA",0,12,0
"26069","IOSCO",0,7,0
"26071","IRON",0,5,0
"26073","ISABELLA",0,13,0
"26075","JACKSON",0,27,0
"26077","KALAMAZOO",0,52,0
"26079","KALKASKA",0,7,0
"26081","KENT",2,137,1.46
"26085","LAKE",0,1,0
"26087","LAPEER",0,19,0
"26089","LEELANAU",0,2,0
"26091","LENAWEE",0,21,0
"26093","LIVINGSTON",0,36,0
"26095","LUCE",0,3,0
"26097","MACKINAC",0,3,0
"26099","MACOMB",0,205,0
"26101","MANISTEE",0,11,0
"26103","MARQUETTE",0,20,0
"26105","MASON",0,11,0
"26107","MECOSTA",0,7,0
"26109","MENOMINEE",0,6,0
"26111","MIDLAND",0,17,0
"26113","MISSAUKEE",0,2,0
"26115","MONROE",0,30,0
"26117","MONTCALM",0,20,0
"26119","MONTMORENCY",0,3,0
"26121","MUSKEGON",0,33,0
"26123","NEWAYGO",0,14,0
"26125","OAKLAND",1,328,0.3
"26127","OCEANA",0,8,0
"26129","OGEMAW",0,10,0
"26131","ONTONAGON",0,4,0
"26133","OSCEOLA",0,9,0
"26135","OSCODA",0,5,0
"26137","OTSEGO",0,11,0
"26139","OTTAWA",0,49,0
"26141","PRESQUE ISLE",0,5,0
"26143","ROSCOMMON",0,9,0
"26145","SAGINAW",0,44,0
"26147","ST. CLAIR",0,40,0
"26149","ST. JOSEPH",0,17,0
"26151","SANILAC",0,9,0
"26153","SCHOOLCRAFT",0,5,0
"26155","SHIAWASSEE",0,18,0
"26157","TUSCOLA",0,14,0
"26159","VAN BUREN",0,20,0
"26161","WASHTENAW",1,71,1.41
"26163","WAYNE",1,423,0.24
"26165","WEXFORD",0,6,0
"27001","AITKIN",0,4,0
"27003","ANOKA",0,63,0
"27005","BECKER",0,4,0
"27007","BELTRAMI",0,10,0
"27009","BENTON",0,7,0
"27011","BIG STONE",0,2,0
"27013","BLUE EARTH",0,13,0
"27015","BROWN",0,10,0
"27017","CARLTON",0,2,0
"27019","CARVER",0,18,0
"27021","CASS",0,8,0
"27023","CHIPPEWA",0,3,0
"27025","CHISAGO",0,9,0
"27027","CLAY",0,12,0
"27029","CLEARWATER",0,2,0
"27031","COOK",0,1,0
"27033","COTTONWOOD",0,3,0
"27035","CROW WING",0,17,0
"27037","DAKOTA",0,90,0
"27039","DODGE",0,3,0
"27041","DOUGLAS",0,9,0
"27043","FARIBAULT",0,5,0
"27045","FILLMORE",0,5,0
"27047","FREEBORN",0,9,0
"27049","GOODHUE",0,11,0
"27051","GRANT",0,3,0
"27053","HENNEPIN",0,254,0
"27055","HOUSTON",0,5,0
"27057","HUBBARD",0,6,0
"27059","ISANTI",0,7,0
"27061","ITASCA",0,10,0
"27063","JACKSON",0,3,0
"27065","KANABEC",0,4,0
"27067","KANDIYOHI",0,9,0
"27069","KITTSON",0,1,0
"27071","KOOCHICHING",0,4,0
"27075","LAKE",0,3,0
"27079","LE SUEUR",0,7,0
"27083","LYON",0,6,0
"27085","MCLEOD",0,8,0
"27087","MAHNOMEN",0,2,0
"27089","MARSHALL",0,6,0
"27091","MARTIN",0,7,0
"27093","MEEKER",0,5,0
"27095","MILLE LACS",0,5,0
"27097","MORRISON",0,5,0
"27099","MOWER",0,9,0
"27101","MURRAY",0,2,0
"27103","NICOLLET",0,5,0
"27105","NOBLES",0,5,0
"27107","NORMAN",0,3,0
"27109","OLMSTED",0,23,0
"27111","OTTER TAIL",0,15,0
"27113","PENNINGTON",0,2,0
"27115","PINE",0,8,0
"27117","PIPESTONE",0,4,0
"27119","POLK",0,7,0
"27121","POPE",0,4,0
"27123","RAMSEY",0,98,0
"27125","RED LAKE",0,2,0
"27127","REDWOOD",0,3,0
"27129","RENVILLE",0,4,0
"27131","RICE",0,13,0
"27133","ROCK",0,3,0
"27135","ROSEAU",0,5,0
"27137","ST. LOUIS",0,50,0
"27139","SCOTT",0,20,0
"27141","SHERBURNE",0,10,0
"27143","SIBLEY",0,3,0
"27145","STEARNS",0,34,0
"27147","STEELE",0,8,0
"27149","STEVENS",0,3,0
"27151","SWIFT",0,5,0
"27153","TODD",0,8,0
"27155","TRAVERSE",0,1,0
"27157","WABASHA",0,10,0
"27159","WADENA",0,3,0
"27161","WASECA",0,2,0
"27163","WASHINGTON",0,49,0
"27165","WATONWAN",0,3,0
"27167","WILKIN",0,2,0
"27169","WINONA",0,10,0
"27171","WRIGHT",0,22,0
"27173","YELLOW MEDICINE",0,4,0
"28001","ADAMS",0,12,0
"28003","ALCORN",1,11,9.09
"28005","AMITE",0,1,0
"28007","ATTALA",0,12,0
"28009","BENTON",0,3,0
"28011","BOLIVAR",0,4,0
"28013","CALHOUN",0,8,0
"28017","CHICKASAW",0,3,0
"28019","CHOCTAW",0,2,0
"28021","CLAIBORNE",0,1,0
"28023","CLARKE",0,4,0
"28025","CLAY",0,3,0
"28027","COAHOMA",0,10,0
"28029","COPIAH",0,5,0
"28031","COVINGTON",0,4,0
"28033","DESOTO",1,39,2.56
"28035","FORREST",1,22,4.55
"28037","FRANKLIN",0,2,0
"28039","GEORGE",0,7,0
"28041","GREENE",0,2,0
"28043","GRENADA",0,6,0
"28045","HANCOCK",0,8,0
"28047","HARRISON",2,45,4.44
"28049","HINDS",1,55,1.82
"28051","HOLMES",0,3,0
"28053","HUMPHREYS",0,3,0
"28057","ITAWAMBA",0,5,0
"28059","JACKSON",0,23,0
"28061","JASPER",0,1,0
"28063","JEFFERSON",0,1,0
"28065","JEFFERSON DAVIS",0,4,0
"28067","JONES",0,12,0
"28069","KEMPER",0,1,0
"28071","LAFAYETTE",0,5,0
"28073","LAMAR",0,5,0
"28075","LAUDERDALE",2,17,11.77
"28077","LAWRENCE",0,4,0
"28079","LEAKE",0,6,0
"28081","LEE",0,19,0
"28083","LEFLORE",0,11,0
"28085","LINCOLN",0,2,0
"28087","LOWNDES",1,18,5.56
"28089","MADISON",0,21,0
"28091","MARION",0,5,0
"28093","MARSHALL",0,8,0
"28095","MONROE",0,8,0
"28097","MONTGOMERY",0,2,0
"28099","NESHOBA",0,6,0
"28101","NEWTON",0,6,0
"28103","NOXUBEE",2,2,100
"28105","OKTIBBEHA",0,7,0
"28107","PANOLA",0,6,0
"28109","PEARL RIVER",0,14,0
"28111","PERRY",0,2,0
"28113","PIKE",0,11,0
"28115","PONTOTOC",0,9,0
"28117","PRENTISS",0,5,0
"28119","QUITMAN",0,1,0
"28121","RANKIN",0,33,0
"28123","SCOTT",0,5,0
"28125","SHARKEY",0,3,0
"28127","SIMPSON",0,5,0
"28129","SMITH",1,8,12.5
"28133","SUNFLOWER",0,4,0
"28135","TALLAHATCHIE",0,2,0
"28137","TATE",0,4,0
"28139","TIPPAH",0,9,0
"28141","TISHOMINGO",0,7,0
"28145","UNION",0,1,0
"28147","WALTHALL",0,4,0
"28149","WARREN",0,9,0
"28151","WASHINGTON",1,12,8.33
"28153","WAYNE",0,7,0
"28155","WEBSTER",0,3,0
"28159","WINSTON",0,3,0
"28161","YALOBUSHA",0,4,0
"28163","YAZOO",0,9,0
"29001","ADAIR",0,4,0
"29003","ANDREW",0,2,0
"29005","ATCHISON",0,1,0
"29007","AUDRAIN",0,10,0
"29009","BARRY",0,7,0
"29011","BARTON",1,4,25
"29013","BATES",0,4,0
"29015","BENTON",0,2,0
"29017","BOLLINGER",0,2,0
"29019","BOONE",0,27,0
"29021","BUCHANAN",1,25,4
"29023","BUTLER",0,9,0
"29025","CALDWELL",0,3,0
"29027","CALLAWAY",0,6,0
"29029","CAMDEN",0,9,0
"29031","CAPE GIRARDEAU",1,18,5.56
"29033","CARROLL",0,3,0
"29037","CASS",1,22,4.55
"29039","CEDAR",0,2,0
"29043","CHRISTIAN",0,15,0
"29045","CLARK",0,1,0
"29047","CLAY",1,60,1.67
"29049","CLINTON",0,7,0
"29051","COLE",0,19,0
"29053","COOPER",0,3,0
"29055","CRAWFORD",1,9,11.11
"29057","DADE",0,4,0
"29059","DALLAS",0,3,0
"29061","DAVIESS",0,2,0
"29063","DEKALB",0,1,0
"29065","DENT",0,2,0
"29067","DOUGLAS",0,2,0
"29069","DUNKLIN",0,7,0
"29071","FRANKLIN",0,28,0
"29073","GASCONADE",0,7,0
"29075","GENTRY",0,5,0
"29077","GREENE",1,68,1.47
"29079","GRUNDY",1,3,33.33
"29081","HARRISON",1,5,20
"29083","HENRY",1,7,14.29
"29085","HICKORY",0,1,0
"29087","HOLT",0,1,0
"29089","HOWARD",0,4,0
"29091","HOWELL",0,12,0
"29093","IRON",0,7,0
"29095","JACKSON",1,164,0.61
"29097","JASPER",1,29,3.45
"29099","JEFFERSON",0,46,0
"29101","JOHNSON",0,8,0
"29105","LACLEDE",0,5,0
"29107","LAFAYETTE",0,7,0
"29109","LAWRENCE",0,9,0
"29111","LEWIS",0,2,0
"29113","LINCOLN",0,7,0
"29115","LINN",0,1,0
"29117","LIVINGSTON",0,5,0
"29119","MCDONALD",0,1,0
"29121","MACON",1,9,11.11
"29125","MARIES",0,2,0
"29127","MARION",0,11,0
"29129","MERCER",0,1,0
"29131","MILLER",0,5,0
"29133","MISSISSIPPI",0,6,0
"29135","MONITEAU",0,1,0
"29139","MONTGOMERY",0,3,0
"29141","MORGAN",0,10,0
"29145","NEWTON",0,8,0
"29147","NODAWAY",0,5,0
"29149","OREGON",1,8,12.5
"29151","OSAGE",0,2,0
"29155","PEMISCOT",0,3,0
"29157","PERRY",0,3,0
"29159","PETTIS",0,10,0
"29161","PHELPS",0,9,0
"29163","PIKE",0,6,0
"29165","PLATTE",1,25,4
"29167","POLK",0,7,0
"29169","PULASKI",0,7,0
"29171","PUTNAM",0,3,0
"29173","RALLS",0,1,0
"29175","RANDOLPH",0,4,0
"29177","RAY",0,2,0
"29179","REYNOLDS",0,3,0
"29181","RIPLEY",0,5,0
"29183","ST. CHARLES",1,74,1.35
"29185","ST. CLAIR",0,3,0
"29186","STE. GENEVIEVE",0,4,0
"29187","ST. FRANCOIS",0,15,0
"29189","ST. LOUIS",3,252,1.19
"29195","SALINE",0,6,0
"29199","SCOTLAND",0,1,0
"29201","SCOTT",0,6,0
"29207","STODDARD",0,12,0
"29209","STONE",0,7,0
"29213","TANEY",0,16,0
"29215","TEXAS",0,6,0
"29217","VERNON",0,4,0
"29219","WARREN",0,7,0
"29221","WASHINGTON",0,5,0
"29223","WAYNE",0,1,0
"29225","WEBSTER",0,12,0
"29229","WRIGHT",0,4,0
"29510","ST. LOUIS CITY",0,66,0
"30001","BEAVERHEAD",0,4,0
"30003","BIG HORN",0,1,0
"30005","BLAINE",0,2,0
"30007","BROADWATER",0,1,0
"30009","CARBON",0,2,0
"30013","CASCADE",0,22,0
"30017","CUSTER",0,3,0
"30021","DAWSON",0,4,0
"30023","DEER LODGE",0,2,0
"30027","FERGUS",0,3,0
"30029","FLATHEAD",0,24,0
"30031","GALLATIN",0,20,0
"30041","HILL",0,3,0
"30043","JEFFERSON",0,1,0
"30047","LAKE",0,8,0
"30049","LEWIS AND CLARK",0,17,0
"30053","LINCOLN",0,7,0
"30057","MADISON",0,2,0
"30061","MINERAL",0,1,0
"30063","MISSOULA",0,21,0
"30065","MUSSELSHELL",0,1,0
"30067","PARK",0,3,0
"30071","PHILLIPS",0,3,0
"30073","PONDERA",0,1,0
"30077","POWELL",0,2,0
"30081","RAVALLI",0,12,0
"30083","RICHLAND",0,8,0
"30085","ROOSEVELT",0,2,0
"30087","ROSEBUD",0,2,0
"30089","SANDERS",0,3,0
"30091","SHERIDAN",0,2,0
"30093","SILVER BOW",0,11,0
"30095","STILLWATER",0,2,0
"30101","TOOLE",0,3,0
"30111","YELLOWSTONE",0,32,0
"31001","ADAMS",0,5,0
"31003","ANTELOPE",0,1,0
"31011","BOONE",0,2,0
"31013","BOX BUTTE",0,4,0
"31019","BUFFALO",0,11,0
"31021","BURT",0,2,0
"31025","CASS",0,4,0
"31029","CHASE",0,3,0
"31031","CHERRY",0,5,0
"31033","CHEYENNE",0,5,0
"31035","CLAY",0,2,0
"31039","CUMING",0,4,0
"31041","CUSTER",0,4,0
"31043","DAKOTA",0,3,0
"31045","DAWES",0,2,0
"31047","DAWSON",0,6,0
"31049","DEUEL",0,2,0
"31051","DIXON",0,1,0
"31053","DODGE",0,8,0
"31055","DOUGLAS",0,115,0
"31059","FILLMORE",0,4,0
"31061","FRANKLIN",0,2,0
"31063","FRONTIER",0,2,0
"31065","FURNAS",0,1,0
"31067","GAGE",0,5,0
"31069","GARDEN",0,1,0
"31071","GARFIELD",0,3,0
"31077","GREELEY",0,1,0
"31079","HALL",0,12,0
"31083","HARLAN",0,1,0
"31087","HITCHCOCK",0,4,0
"31089","HOLT",0,5,0
"31093","HOWARD",0,1,0
"31095","JEFFERSON",0,3,0
"31099","KEARNEY",0,2,0
"31101","KEITH",0,5,0
"31103","KEYA PAHA",0,3,0
"31105","KIMBALL",0,1,0
"31107","KNOX",0,2,0
"31109","LANCASTER",0,76,0
"31111","LINCOLN",0,8,0
"31119","MADISON",0,10,0
"31121","MERRICK",0,4,0
"31123","MORRILL",0,2,0
"31127","NEMAHA",0,2,0
"31129","NUCKOLLS",0,2,0
"31131","OTOE",0,4,0
"31137","PHELPS",0,3,0
"31141","PLATTE",0,6,0
"31143","POLK",0,3,0
"31147","RICHARDSON",0,2,0
"31151","SALINE",0,5,0
"31153","SARPY",0,33,0
"31155","SAUNDERS",0,3,0
"31157","SCOTTS BLUFF",0,9,0
"31159","SEWARD",0,6,0
"31161","SHERIDAN",0,2,0
"31169","THAYER",0,1,0
"31173","THURSTON",0,1,0
"31175","VALLEY",0,2,0
"31177","WASHINGTON",0,5,0
"31179","WAYNE",0,2,0
"31185","YORK",0,5,0
"32001","CHURCHILL",0,5,0
"32003","CLARK",0,397,0
"32005","DOUGLAS",0,12,0
"32007","ELKO",0,7,0
"32013","HUMBOLDT",0,4,0
"32015","LANDER",0,2,0
"32019","LYON",0,7,0
"32021","MINERAL",0,1,0
"32023","NYE",0,7,0
"32027","PERSHING",0,1,0
"32031","WASHOE",0,98,0
"32033","WHITE PINE",0,2,0
"32510","CARSON CITY",0,16,0
"33001","BELKNAP",0,19,0
"33003","CARROLL",1,14,7.14
"33005","CHESHIRE",0,22,0
"33007","COOS",0,9,0
"33009","GRAFTON",0,27,0
"33011","HILLSBOROUGH",0,106,0
"33013","MERRIMACK",0,36,0
"33015","ROCKINGHAM",1,86,1.16
"33017","STRAFFORD",0,37,0
"33019","SULLIVAN",0,12,0
"34001","ATLANTIC",2,66,3.03
"34003","BERGEN",2,195,1.03
"34005","BURLINGTON",0,103,0
"34007","CAMDEN",1,135,0.74
"34009","CAPE MAY",3,38,7.89
"34011","CUMBERLAND",0,45,0
"34013","ESSEX",4,155,2.58
"34015","GLOUCESTER",0,63,0
"34017","HUDSON",2,122,1.64
"34019","HUNTERDON",3,26,11.54
"34021","MERCER",2,82,2.44
"34023","MIDDLESEX",3,169,1.78
"34025","MONMOUTH",5,149,3.36
"34027","MORRIS",2,114,1.75
"34029","OCEAN",3,136,2.21
"34031","PASSAIC",3,110,2.73
"34033","SALEM",1,16,6.25
"34035","SOMERSET",0,73,0
"34037","SUSSEX",0,30,0
"34039","UNION",0,112,0
"34041","WARREN",0,27,0
"35001","BERNALILLO",0,121,0
"35005","CHAVES",0,11,0
"35006","CIBOLA",0,4,0
"35007","COLFAX",0,7,0
"35009","CURRY",0,8,0
"35013","DONA ANA",0,33,0
"35015","EDDY",0,9,0
"35017","GRANT",0,6,0
"35025","LEA",0,8,0
"35027","LINCOLN",0,5,0
"35028","LOS ALAMOS",0,5,0
"35029","LUNA",0,5,0
"35031","MCKINLEY",0,8,0
"35035","OTERO",0,10,0
"35037","QUAY",0,3,0
"35039","RIO ARRIBA",0,3,0
"35041","ROOSEVELT",0,2,0
"35043","SANDOVAL",0,16,0
"35045","SAN JUAN",0,16,0
"35047","SAN MIGUEL",0,4,0
"35049","SANTA FE",0,32,0
"35051","SIERRA",0,3,0
"35053","SOCORRO",0,3,0
"35055","TAOS",0,4,0
"35057","TORRANCE",0,2,0
"35061","VALENCIA",0,6,0
"36001","ALBANY",3,89,3.37
"36003","ALLEGANY",0,13,0
"36005","BRONX",5,274,1.82
"36007","BROOME",3,64,4.69
"36009","CATTARAUGUS",0,24,0
"36011","CAYUGA",0,20,0
"36013","CHAUTAUQUA",0,42,0
"36015","CHEMUNG",0,24,0
"36017","CHENANGO",0,14,0
"36019","CLINTON",0,21,0
"36021","COLUMBIA",0,17,0
"36023","CORTLAND",1,21,4.76
"36025","DELAWARE",1,14,7.14
"36027","DUTCHESS",2,90,2.22
"36029","ERIE",0,237,0
"36031","ESSEX",0,11,0
"36033","FRANKLIN",0,21,0
"36035","FULTON",0,17,0
"36037","GENESEE",0,19,0
"36039","GREENE",0,14,0
"36041","HAMILTON",0,2,0
"36043","HERKIMER",0,15,0
"36045","JEFFERSON",0,35,0
"36047","KINGS",3,488,0.61
"36049","LEWIS",0,6,0
"36051","LIVINGSTON",1,16,6.25
"36053","MADISON",1,26,3.85
"36055","MONROE",1,168,0.6
"36057","MONTGOMERY",1,17,5.88
"36059","NASSAU",3,338,0.89
"36061","NEW YORK",2,437,0.46
"36063","NIAGARA",0,58,0
"36065","ONEIDA",1,64,1.56
"36067","ONONDAGA",2,149,1.34
"36069","ONTARIO",0,33,0
"36071","ORANGE",1,84,1.19
"36073","ORLEANS",0,8,0
"36075","OSWEGO",0,36,0
"36077","OTSEGO",0,18,0
"36079","PUTNAM",0,29,0
"36081","QUEENS",4,441,0.91
"36083","RENSSELAER",2,48,4.17
"36085","RICHMOND",1,105,0.95
"36087","ROCKLAND",0,58,0
"36089","ST. LAWRENCE",1,37,2.7
"36091","SARATOGA",1,57,1.75
"36093","SCHENECTADY",1,51,1.96
"36095","SCHOHARIE",0,7,0
"36097","SCHUYLER",0,3,0
"36099","SENECA",0,11,0
"36101","STEUBEN",0,33,0
"36103","SUFFOLK",4,349,1.15
"36105","SULLIVAN",0,21,0
"36107","TIOGA",0,12,0
"36109","TOMPKINS",0,23,0
"36111","ULSTER",1,37,2.7
"36113","WARREN",0,25,0
"36115","WASHINGTON",1,14,7.14
"36117","WAYNE",0,31,0
"36119","WESTCHESTER",2,221,0.9
"36121","WYOMING",0,8,0
"36123","YATES",0,6,0
"37001","ALAMANCE",3,43,6.98
"37003","ALEXANDER",1,6,16.67
"37005","ALLEGHANY",0,2,0
"37007","ANSON",0,9,0
"37009","ASHE",0,7,0
"37011","AVERY",1,5,20
"37013","BEAUFORT",1,16,6.25
"37015","BERTIE",1,14,7.14
"37017","BLADEN",1,8,12.5
"37019","BRUNSWICK",1,43,2.33
"37021","BUNCOMBE",1,74,1.35
"37023","BURKE",0,27,0
"37025","CABARRUS",1,54,1.85
"37027","CALDWELL",1,23,4.35
"37029","CAMDEN",0,1,0
"37031","CARTERET",3,31,9.68
"37033","CASWELL",0,7,0
"37035","CATAWBA",3,56,5.36
"37037","CHATHAM",2,15,13.33
"37039","CHEROKEE",1,10,10
"37043","CLAY",0,3,0
"37045","CLEVELAND",1,32,3.12
"37047","COLUMBUS",0,17,0
"37049","CRAVEN",0,27,0
"37051","CUMBERLAND",3,80,3.75
"37053","CURRITUCK",0,7,0
"37055","DARE",2,20,10
"37057","DAVIDSON",3,42,7.14
"37059","DAVIE",1,11,9.09
"37061","DUPLIN",1,14,7.14
"37063","DURHAM",1,73,1.37
"37065","EDGECOMBE",0,13,0
"37067","FORSYTH",4,112,3.57
"37069","FRANKLIN",0,16,0
"37071","GASTON",3,70,4.29
"37073","GATES",0,7,0
"37075","GRAHAM",0,2,0
"37077","GRANVILLE",1,16,6.25
"37079","GREENE",1,6,16.67
"37081","GUILFORD",8,155,5.16
"37083","HALIFAX",1,15,6.67
"37085","HARNETT",2,27,7.41
"37087","HAYWOOD",3,22,13.64
"37089","HENDERSON",5,53,9.43
"37091","HERTFORD",0,1,0
"37093","HOKE",0,7,0
"37095","HYDE",0,1,0
"37097","IREDELL",0,45,0
"37099","JACKSON",0,13,0
"37101","JOHNSTON",3,41,7.32
"37105","LEE",2,17,11.77
"37107","LENOIR",0,18,0
"37109","LINCOLN",1,27,3.7
"37111","MCDOWELL",0,8,0
"37113","MACON",1,16,6.25
"37115","MADISON",0,3,0
"37117","MARTIN",1,8,12.5
"37119","MECKLENBURG",7,284,2.46
"37121","MITCHELL",1,4,25
"37123","MONTGOMERY",1,7,14.29
"37125","MOORE",3,36,8.33
"37127","NASH",3,35,8.57
"37129","NEW HANOVER",4,60,6.67
"37131","NORTHAMPTON",1,12,8.33
"37133","ONSLOW",0,40,0
"37135","ORANGE",1,34,2.94
"37137","PAMLICO",1,9,11.11
"37139","PASQUOTANK",0,12,0
"37141","PENDER",1,21,4.76
"37145","PERSON",0,8,0
"37147","PITT",3,58,5.17
"37149","POLK",0,1,0
"37151","RANDOLPH",3,34,8.82
"37153","RICHMOND",1,13,7.69
"37155","ROBESON",3,46,6.52
"37157","ROCKINGHAM",2,26,7.69
"37159","ROWAN",0,34,0
"37161","RUTHERFORD",2,17,11.77
"37163","SAMPSON",1,20,5
"37165","SCOTLAND",0,9,0
"37167","STANLY",1,20,5
"37169","STOKES",0,7,0
"37171","SURRY",4,32,12.5
"37173","SWAIN",0,4,0
"37175","TRANSYLVANIA",0,12,0
"37177","TYRRELL",0,1,0
"37179","UNION",3,58,5.17
"37181","VANCE",0,9,0
"37183","WAKE",17,286,5.94
"37185","WARREN",1,10,10
"37187","WASHINGTON",0,4,0
"37189","WATAUGA",1,17,5.88
"37191","WAYNE",3,37,8.11
"37193","WILKES",3,21,14.29
"37195","WILSON",0,22,0
"37197","YADKIN",2,9,22.22
"37199","YANCEY",0,4,0
"38003","BARNES",0,3,0
"38009","BOTTINEAU",0,3,0
"38015","BURLEIGH",0,18,0
"38017","CASS",0,22,0
"38021","DICKEY",0,4,0
"38023","DIVIDE",0,1,0
"38027","EDDY",0,1,0
"38029","EMMONS",0,2,0
"38031","FOSTER",0,1,0
"38035","GRAND FORKS",0,13,0
"38039","GRIGGS",0,1,0
"38041","HETTINGER",0,2,0
"38049","MCHENRY",0,1,0
"38051","MCINTOSH",0,1,0
"38053","MCKENZIE",0,4,0
"38055","MCLEAN",0,1,0
"38057","MERCER",0,3,0
"38059","MORTON",0,5,0
"38061","MOUNTRAIL",0,2,0
"38067","PEMBINA",0,4,0
"38069","PIERCE",0,4,0
"38071","RAMSEY",0,7,0
"38077","RICHLAND",0,6,0
"38079","ROLETTE",0,2,0
"38081","SARGENT",0,4,0
"38089","STARK",0,6,0
"38093","STUTSMAN",0,4,0
"38099","WALSH",0,2,0
"38101","WARD",0,10,0
"38103","WELLS",0,2,0
"38105","WILLIAMS",0,6,0
"39001","ADAMS",0,5,0
"39003","ALLEN",0,22,0
"39005","ASHLAND",0,12,0
"39007","ASHTABULA",0,24,0
"39009","ATHENS",0,11,0
"39011","AUGLAIZE",1,15,6.67
"39013","BELMONT",0,16,0
"39015","BROWN",0,6,0
"39017","BUTLER",4,73,5.48
"39019","CARROLL",0,7,0
"39021","CHAMPAIGN",0,6,0
"39023","CLARK",1,35,2.86
"39025","CLERMONT",0,43,0
"39027","CLINTON",0,15,0
"39029","COLUMBIANA",0,29,0
"39031","COSHOCTON",0,8,0
"39033","CRAWFORD",0,11,0
"39035","CUYAHOGA",1,329,0.3
"39037","DARKE",1,14,7.14
"39039","DEFIANCE",0,9,0
"39041","DELAWARE",0,34,0
"39043","ERIE",0,14,0
"39045","FAIRFIELD",0,19,0
"39047","FAYETTE",0,8,0
"39049","FRANKLIN",0,268,0
"39051","FULTON",1,11,9.09
"39053","GALLIA",0,3,0
"39055","GEAUGA",0,15,0
"39057","GREENE",0,33,0
"39059","GUERNSEY",0,9,0
"39061","HAMILTON",1,171,0.58
"39063","HANCOCK",1,20,5
"39065","HARDIN",0,8,0
"39067","HARRISON",0,4,0
"39069","HENRY",0,5,0
"39071","HIGHLAND",0,10,0
"39073","HOCKING",0,6,0
"39075","HOLMES",0,6,0
"39077","HURON",0,17,0
"39079","JACKSON",0,8,0
"39081","JEFFERSON",0,21,0
"39083","KNOX",0,12,0
"39085","LAKE",0,57,0
"39087","LAWRENCE",0,19,0
"39089","LICKING",0,35,0
"39091","LOGAN",0,15,0
"39093","LORAIN",0,67,0
"39095","LUCAS",1,113,0.88
"39097","MADISON",0,10,0
"39099","MAHONING",1,66,1.52
"39101","MARION",0,11,0
"39103","MEDINA",1,35,2.86
"39105","MEIGS",0,7,0
"39107","MERCER",0,8,0
"39109","MIAMI",0,18,0
"39111","MONROE",1,8,12.5
"39113","MONTGOMERY",2,125,1.6
"39115","MORGAN",0,4,0
"39117","MORROW",0,10,0
"39119","MUSKINGUM",0,19,0
"39123","OTTAWA",0,9,0
"39125","PAULDING",0,4,0
"39127","PERRY",0,7,0
"39129","PICKAWAY",0,7,0
"39131","PIKE",0,3,0
"39133","PORTAGE",0,37,0
"39135","PREBLE",0,12,0
"39137","PUTNAM",0,8,0
"39139","RICHLAND",0,33,0
"39141","ROSS",0,17,0
"39143","SANDUSKY",0,17,0
"39145","SCIOTO",0,14,0
"39147","SENECA",0,16,0
"39149","SHELBY",0,12,0
"39151","STARK",1,103,0.97
"39153","SUMMIT",6,137,4.38
"39155","TRUMBULL",0,62,0
"39157","TUSCARAWAS",1,16,6.25
"39159","UNION",0,10,0
"39161","VAN WERT",0,6,0
"39163","VINTON",0,1,0
"39165","WARREN",1,35,2.86
"39167","WASHINGTON",1,17,5.88
"39169","WAYNE",0,24,0
"39171","WILLIAMS",0,10,0
"39173","WOOD",1,27,3.7
"39175","WYANDOT",0,6,0
"40001","ADAIR",0,4,0
"40003","ALFALFA",0,2,0
"40009","BECKHAM",0,6,0
"40011","BLAINE",0,1,0
"40013","BRYAN",0,6,0
"40015","CADDO",0,3,0
"40017","CANADIAN",0,18,0
"40019","CARTER",0,11,0
"40021","CHEROKEE",0,7,0
"40023","CHOCTAW",0,3,0
"40027","CLEVELAND",0,53,0
"40029","COAL",0,1,0
"40031","COMANCHE",0,19,0
"40033","COTTON",0,1,0
"40035","CRAIG",0,1,0
"40037","CREEK",0,8,0
"40039","CUSTER",0,8,0
"40041","DELAWARE",0,8,0
"40047","GARFIELD",0,18,0
"40049","GARVIN",0,6,0
"40051","GRADY",0,10,0
"40053","GRANT",0,1,0
"40055","GREER",0,2,0
"40059","HARPER",0,1,0
"40063","HUGHES",0,5,0
"40065","JACKSON",0,5,0
"40067","JEFFERSON",0,1,0
"40069","JOHNSTON",0,2,0
"40071","KAY",0,12,0
"40073","KINGFISHER",0,3,0
"40075","KIOWA",0,2,0
"40077","LATIMER",0,3,0
"40079","LE FLORE",0,7,0
"40081","LINCOLN",0,7,0
"40083","LOGAN",0,4,0
"40087","MCCLAIN",0,7,0
"40089","MCCURTAIN",0,5,0
"40091","MCINTOSH",0,5,0
"40093","MAJOR",0,4,0
"40095","MARSHALL",0,3,0
"40097","MAYES",0,10,0
"40099","MURRAY",0,3,0
"40101","MUSKOGEE",0,19,0
"40103","NOBLE",0,3,0
"40105","NOWATA",0,1,0
"40107","OKFUSKEE",0,3,0
"40109","OKLAHOMA",0,161,0
"40111","OKMULGEE",0,6,0
"40113","OSAGE",0,3,0
"40115","OTTAWA",0,5,0
"40117","PAWNEE",0,2,0
"40119","PAYNE",0,12,0
"40121","PITTSBURG",0,7,0
"40123","PONTOTOC",0,7,0
"40125","POTTAWATOMIE",0,14,0
"40129","ROGER MILLS",0,1,0
"40131","ROGERS",0,10,0
"40133","SEMINOLE",0,2,0
"40135","SEQUOYAH",0,8,0
"40137","STEPHENS",0,8,0
"40139","TEXAS",0,4,0
"40141","TILLMAN",0,5,0
"40143","TULSA",0,150,0
"40145","WAGONER",0,11,0
"40147","WASHINGTON",0,12,0
"40149","WASHITA",0,2,0
"40151","WOODS",0,2,0
"40153","WOODWARD",0,5,0
"41001","BAKER",0,3,0
"41003","BENTON",0,16,0
"41005","CLACKAMAS",0,66,0
"41007","CLATSOP",0,9,0
"41009","COLUMBIA",0,9,0
"41011","COOS",0,23,0
"41013","CROOK",0,9,0
"41015","CURRY",0,5,0
"41017","DESCHUTES",0,36,0
"41019","DOUGLAS",0,22,0
"41023","GRANT",0,1,0
"41025","HARNEY",0,4,0
"41027","HOOD RIVER",0,6,0
"41029","JACKSON",0,46,0
"41031","JEFFERSON",0,5,0
"41033","JOSEPHINE",0,16,0
"41035","KLAMATH",0,12,0
"41037","LAKE",0,1,0
"41039","LANE",0,71,0
"41041","LINCOLN",0,21,0
"41043","LINN",0,21,0
"41045","MALHEUR",0,5,0
"41047","MARION",0,62,0
"41049","MORROW",0,1,0
"41051","MULTNOMAH",0,139,0
"41053","POLK",0,12,0
"41057","TILLAMOOK",0,7,0
"41059","UMATILLA",0,14,0
"41061","UNION",0,7,0
"41063","WALLOWA",0,1,0
"41065","WASCO",0,6,0
"41067","WASHINGTON",0,105,0
"41071","YAMHILL",0,22,0
"42001","ADAMS",0,20,0
"42003","ALLEGHENY",4,318,1.26
"42005","ARMSTRONG",1,21,4.76
"42007","BEAVER",0,50,0
"42009","BEDFORD",0,11,0
"42011","BERKS",0,117,0
"42013","BLAIR",2,38,5.26
"42015","BRADFORD",0,20,0
"42017","BUCKS",3,168,1.79
"42019","BUTLER",0,47,0
"42021","CAMBRIA",1,37,2.7
"42023","CAMERON",0,2,0
"42025","CARBON",0,18,0
"42027","CENTRE",0,34,0
"42029","CHESTER",1,122,0.82
"42031","CLARION",0,7,0
"42033","CLEARFIELD",1,23,4.35
"42035","CLINTON",0,8,0
"42037","COLUMBIA",1,15,6.67
"42039","CRAWFORD",0,23,0
"42041","CUMBERLAND",2,55,3.64
"42043","DAUPHIN",1,61,1.64
"42045","DELAWARE",0,153,0
"42047","ELK",0,9,0
"42049","ERIE",0,75,0
"42051","FAYETTE",2,39,5.13
"42053","FOREST",0,1,0
"42055","FRANKLIN",3,44,6.82
"42057","FULTON",0,5,0
"42059","GREENE",0,13,0
"42061","HUNTINGDON",0,7,0
"42063","INDIANA",0,15,0
"42065","JEFFERSON",0,12,0
"42067","JUNIATA",0,3,0
"42069","LACKAWANNA",1,66,1.52
"42071","LANCASTER",0,104,0
"42073","LAWRENCE",0,23,0
"42075","LEBANON",2,36,5.56
"42077","LEHIGH",2,87,2.3
"42079","LUZERNE",0,95,0
"42081","LYCOMING",0,31,0
"42083","MCKEAN",0,12,0
"42085","MERCER",1,30,3.33
"42087","MIFFLIN",0,10,0
"42089","MONROE",1,47,2.13
"42091","MONTGOMERY",4,230,1.74
"42093","MONTOUR",0,6,0
"42095","NORTHAMPTON",1,78,1.28
"42097","NORTHUMBERLAND",0,21,0
"42099","PERRY",0,9,0
"42101","PHILADELPHIA",3,349,0.86
"42103","PIKE",0,13,0
"42105","POTTER",0,9,0
"42107","SCHUYLKILL",0,41,0
"42109","SNYDER",0,12,0
"42111","SOMERSET",1,16,6.25
"42115","SUSQUEHANNA",0,7,0
"42117","TIOGA",0,9,0
"42119","UNION",0,13,0
"42121","VENANGO",1,19,5.26
"42123","WARREN",0,12,0
"42125","WASHINGTON",0,46,0
"42127","WAYNE",0,21,0
"42129","WESTMORELAND",1,97,1.03
"42131","WYOMING",1,14,7.14
"42133","YORK",1,105,0.95
"44001","BRISTOL",0,9,0
"44003","KENT",0,48,0
"44005","NEWPORT",0,23,0
"44007","PROVIDENCE",0,160,0
"44009","WASHINGTON",1,33,3.03
"45001","ABBEVILLE",0,7,0
"45003","AIKEN",3,46,6.52
"45005","ALLENDALE",0,2,0
"45007","ANDERSON",0,45,0
"45009","BAMBERG",0,2,0
"45011","BARNWELL",0,6,0
"45013","BEAUFORT",0,48,0
"45015","BERKELEY",1,33,3.03
"45017","CALHOUN",0,2,0
"45019","CHARLESTON",2,100,2
"45021","CHEROKEE",0,11,0
"45023","CHESTER",0,9,0
"45025","CHESTERFIELD",0,13,0
"45027","CLARENDON",0,9,0
"45029","COLLETON",0,12,0
"45031","DARLINGTON",0,20,0
"45033","DILLON",0,7,0
"45035","DORCHESTER",1,46,2.17
"45037","EDGEFIELD",0,3,0
"45039","FAIRFIELD",1,5,20
"45041","FLORENCE",0,42,0
"45043","GEORGETOWN",0,13,0
"45045","GREENVILLE",5,150,3.33
"45047","GREENWOOD",1,22,4.55
"45049","HAMPTON",0,10,0
"45051","HORRY",3,119,2.52
"45053","JASPER",0,7,0
"45055","KERSHAW",0,18,0
"45057","LANCASTER",1,17,5.88
"45059","LAURENS",0,11,0
"45061","LEE",0,1,0
"45063","LEXINGTON",2,75,2.67
"45065","MCCORMICK",0,3,0
"45067","MARION",0,11,0
"45069","MARLBORO",0,13,0
"45071","NEWBERRY",1,10,10
"45073","OCONEE",1,26,3.85
"45075","ORANGEBURG",2,32,6.25
"45077","PICKENS",1,27,3.7
"45079","RICHLAND",3,101,2.97
"45081","SALUDA",0,5,0
"45083","SPARTANBURG",4,80,5
"45085","SUMTER",1,28,3.57
"45087","UNION",0,5,0
"45089","WILLIAMSBURG",1,6,16.67
"45091","YORK",1,70,1.43
"46005","BEADLE",0,3,0
"46009","BON HOMME",0,1,0
"46011","BROOKINGS",0,2,0
"46013","BROWN",0,4,0
"46015","BRULE",0,5,0
"46019","BUTTE",0,3,0
"46023","CHARLES MIX",0,2,0
"46025","CLARK",0,1,0
"46027","CLAY",0,3,0
"46029","CODINGTON",0,7,0
"46033","CUSTER",0,3,0
"46035","DAVISON",0,5,0
"46049","FAULK",0,1,0
"46051","GRANT",0,3,0
"46053","GREGORY",0,1,0
"46055","HAAKON",0,1,0
"46059","HAND",0,1,0
"46065","HUGHES",0,4,0
"46067","HUTCHINSON",0,1,0
"46079","LAKE",0,2,0
"46081","LAWRENCE",0,10,0
"46083","LINCOLN",0,8,0
"46085","LYMAN",0,2,0
"46087","MCCOOK",0,3,0
"46091","MARSHALL",0,3,0
"46093","MEADE",0,5,0
"46095","MELLETTE",0,1,0
"46097","MINER",0,1,0
"46099","MINNEHAHA",0,29,0
"46101","MOODY",0,1,0
"46103","PENNINGTON",0,21,0
"46105","PERKINS",0,3,0
"46107","POTTER",0,1,0
"46109","ROBERTS",0,3,0
"46111","SANBORN",0,2,0
"46115","SPINK",0,6,0
"46121","TODD",0,1,0
"46123","TRIPP",0,3,0
"46125","TURNER",0,2,0
"46127","UNION",0,3,0
"46129","WALWORTH",0,3,0
"46135","YANKTON",0,4,0
"47001","ANDERSON",1,23,4.35
"47003","BEDFORD",0,10,0
"47005","BENTON",0,4,0
"47007","BLEDSOE",0,3,0
"47009","BLOUNT",0,26,0
"47011","BRADLEY",0,32,0
"47013","CAMPBELL",0,10,0
"47015","CANNON",0,4,0
"47017","CARROLL",2,8,25
"47019","CARTER",0,11,0
"47021","CHEATHAM",0,7,0
"47023","CHESTER",0,4,0
"47025","CLAIBORNE",0,10,0
"47027","CLAY",0,3,0
"47029","COCKE",0,6,0
"47031","COFFEE",1,16,6.25
"47033","CROCKETT",0,3,0
"47035","CUMBERLAND",0,14,0
"47037","DAVIDSON",6,173,3.47
"47039","DECATUR",0,5,0
"47041","DEKALB",0,4,0
"47043","DICKSON",0,10,0
"47045","DYER",0,12,0
"47047","FAYETTE",0,7,0
"47049","FENTRESS",1,6,16.67
"47051","FRANKLIN",0,10,0
"47053","GIBSON",0,14,0
"47055","GILES",0,10,0
"47057","GRAINGER",1,5,20
"47059","GREENE",1,23,4.35
"47061","GRUNDY",0,7,0
"47063","HAMBLEN",1,22,4.55
"47065","HAMILTON",5,112,4.46
"47067","HANCOCK",0,2,0
"47069","HARDEMAN",0,5,0
"47071","HARDIN",0,10,0
"47073","HAWKINS",0,15,0
"47075","HAYWOOD",0,5,0
"47077","HENDERSON",0,5,0
"47079","HENRY",0,9,0
"47081","HICKMAN",0,10,0
"47083","HOUSTON",0,3,0
"47085","HUMPHREYS",0,6,0
"47087","JACKSON",0,2,0
"47089","JEFFERSON",1,10,10
"47091","JOHNSON",0,5,0
"47093","KNOX",3,125,2.4
"47095","LAKE",0,1,0
"47097","LAUDERDALE",0,5,0
"47099","LAWRENCE",0,12,0
"47101","LEWIS",0,2,0
"47103","LINCOLN",0,7,0
"47105","LOUDON",0,15,0
"47107","MCMINN",1,19,5.26
"47109","MCNAIRY",1,5,20
"47111","MACON",0,7,0
"47113","MADISON",0,17,0
"47115","MARION",0,5,0
"47117","MARSHALL",0,8,0
"47119","MAURY",1,26,3.85
"47121","MEIGS",0,2,0
"47123","MONROE",0,17,0
"47125","MONTGOMERY",1,30,3.33
"47129","MORGAN",0,6,0
"47131","OBION",0,9,0
"47133","OVERTON",1,9,11.11
"47135","PERRY",0,2,0
"47137","PICKETT",0,1,0
"47139","POLK",0,3,0
"47141","PUTNAM",2,22,9.09
"47143","RHEA",0,8,0
"47145","ROANE",0,12,0
"47147","ROBERTSON",0,17,0
"47149","RUTHERFORD",2,71,2.82
"47151","SCOTT",0,5,0
"47153","SEQUATCHIE",0,3,0
"47155","SEVIER",0,26,0
"47157","SHELBY",3,209,1.44
"47159","SMITH",0,5,0
"47161","STEWART",0,2,0
"47163","SULLIVAN",0,40,0
"47165","SUMNER",3,39,7.69
"47167","TIPTON",0,12,0
"47169","TROUSDALE",0,1,0
"47171","UNICOI",0,8,0
"47173","UNION",0,4,0
"47177","WARREN",0,15,0
"47179","WASHINGTON",2,44,4.55
"47181","WAYNE",0,5,0
"47183","WEAKLEY",0,10,0
"47185","WHITE",0,7,0
"47187","WILLIAMSON",0,50,0
"47189","WILSON",0,27,0
"48001","ANDERSON",1,9,11.11
"48003","ANDREWS",0,1,0
"48005","ANGELINA",1,15,6.67
"48007","ARANSAS",1,6,16.67
"48013","ATASCOSA",0,7,0
"48015","AUSTIN",0,8,0
"48017","BAILEY",0,1,0
"48019","BANDERA",0,2,0
"48021","BASTROP",0,9,0
"48023","BAYLOR",0,1,0
"48025","BEE",0,4,0
"48027","BELL",1,40,2.5
"48029","BEXAR",2,264,0.76
"48031","BLANCO",0,1,0
"48035","BOSQUE",0,2,0
"48037","BOWIE",0,19,0
"48039","BRAZORIA",0,65,0
"48041","BRAZOS",0,31,0
"48043","BREWSTER",0,5,0
"48045","BRISCOE",0,1,0
"48047","BROOKS",0,1,0
"48049","BROWN",0,12,0
"48051","BURLESON",0,2,0
"48053","BURNET",0,2,0
"48055","CALDWELL",0,5,0
"48057","CALHOUN",0,4,0
"48059","CALLAHAN",0,1,0
"48061","CAMERON",0,54,0
"48063","CAMP",0,5,0
"48065","CARSON",0,1,0
"48067","CASS",0,8,0
"48071","CHAMBERS",0,2,0
"48073","CHEROKEE",0,6,0
"48075","CHILDRESS",0,2,0
"48077","CLAY",0,2,0
"48083","COLEMAN",0,1,0
"48085","COLLIN",7,167,4.19
"48087","COLLINGSWORTH",0,1,0
"48089","COLORADO",0,5,0
"48091","COMAL",0,32,0
"48093","COMANCHE",0,3,0
"48097","COOKE",0,6,0
"48099","CORYELL",0,8,0
"48109","CULBERSON",0,1,0
"48111","DALLAM",0,2,0
"48113","DALLAS",9,468,1.92
"48115","DAWSON",0,4,0
"48117","DEAF SMITH",0,5,0
"48119","DELTA",0,4,0
"48121","DENTON",1,121,0.83
"48123","DEWITT",0,3,0
"48127","DIMMIT",1,2,50
"48131","DUVAL",0,2,0
"48133","EASTLAND",1,6,16.67
"48135","ECTOR",0,25,0
"48139","ELLIS",0,32,0
"48141","EL PASO",0,108,0
"48143","ERATH",0,5,0
"48145","FALLS",0,1,0
"48147","FANNIN",0,5,0
"48149","FAYETTE",0,5,0
"48151","FISHER",0,1,0
"48153","FLOYD",0,1,0
"48157","FORT BEND",3,98,3.06
"48163","FRIO",0,2,0
"48165","GAINES",0,2,0
"48167","GALVESTON",2,68,2.94
"48169","GARZA",0,4,0
"48171","GILLESPIE",0,7,0
"48177","GONZALES",0,3,0
"48179","GRAY",0,4,0
"48181","GRAYSON",0,21,0
"48183","GREGG",2,32,6.25
"48185","GRIMES",0,3,0
"48187","GUADALUPE",0,16,0
"48189","HALE",0,5,0
"48199","HARDIN",1,15,6.67
"48201","HARRIS",18,783,2.3
"48203","HARRISON",1,12,8.33
"48207","HASKELL",0,2,0
"48209","HAYS",0,28,0
"48211","HEMPHILL",0,2,0
"48213","HENDERSON",0,15,0
"48215","HIDALGO",1,82,1.22
"48217","HILL",0,6,0
"48219","HOCKLEY",0,6,0
"48221","HOOD",0,14,0
"48223","HOPKINS",1,7,14.29
"48225","HOUSTON",0,4,0
"48227","HOWARD",0,3,0
"48231","HUNT",0,14,0
"48233","HUTCHINSON",0,7,0
"48237","JACK",0,4,0
"48239","JACKSON",0,4,0
"48241","JASPER",0,7,0
"48245","JEFFERSON",2,49,4.08
"48247","JIM HOGG",0,5,0
"48249","JIM WELLS",0,6,0
"48251","JOHNSON",2,30,6.67
"48253","JONES",0,1,0
"48255","KARNES",0,1,0
"48257","KAUFMAN",0,23,0
"48259","KENDALL",0,13,0
"48263","KENT",0,3,0
"48265","KERR",0,7,0
"48267","KIMBLE",0,2,0
"48271","KINNEY",0,1,0
"48273","KLEBERG",0,4,0
"48275","KNOX",0,2,0
"48277","LAMAR",0,9,0
"48279","LAMB",0,6,0
"48281","LAMPASAS",0,7,0
"48285","LAVACA",0,7,0
"48287","LEE",0,5,0
"48289","LEON",0,3,0
"48291","LIBERTY",0,16,0
"48293","LIMESTONE",1,11,9.09
"48295","LIPSCOMB",0,3,0
"48297","LIVE OAK",0,3,0
"48299","LLANO",0,10,0
"48303","LUBBOCK",1,54,1.85
"48305","LYNN",0,1,0
"48307","MCCULLOCH",0,1,0
"48309","MCLENNAN",0,34,0
"48313","MADISON",0,2,0
"48315","MARION",0,1,0
"48321","MATAGORDA",0,6,0
"48323","MAVERICK",0,4,0
"48325","MEDINA",0,7,0
"48329","MIDLAND",3,19,15.79
"48331","MILAM",0,6,0
"48335","MITCHELL",0,1,0
"48337","MONTAGUE",0,6,0
"48339","MONTGOMERY",0,84,0
"48341","MOORE",0,3,0
"48343","MORRIS",0,4,0
"48347","NACOGDOCHES",0,13,0
"48349","NAVARRO",0,6,0
"48351","NEWTON",0,1,0
"48353","NOLAN",0,4,0
"48355","NUECES",1,52,1.92
"48357","OCHILTREE",0,1,0
"48359","OLDHAM",0,1,0
"48361","ORANGE",2,23,8.7
"48363","PALO PINTO",0,5,0
"48365","PANOLA",0,6,0
"48367","PARKER",1,16,6.25
"48369","PARMER",0,3,0
"48371","PECOS",0,1,0
"48373","POLK",0,8,0
"48375","POTTER",1,22,4.55
"48379","RAINS",0,1,0
"48381","RANDALL",0,25,0
"48387","RED RIVER",0,1,0
"48389","REEVES",0,5,0
"48391","REFUGIO",0,1,0
"48393","ROBERTS",0,2,0
"48395","ROBERTSON",0,2,0
"48397","ROCKWALL",0,16,0
"48399","RUNNELS",0,3,0
"48401","RUSK",0,8,0
"48403","SABINE",0,3,0
"48405","SAN AUGUSTINE",0,1,0
"48407","SAN JACINTO",0,3,0
"48409","SAN PATRICIO",0,14,0
"48415","SCURRY",0,5,0
"48417","SHACKELFORD",0,1,0
"48419","SHELBY",0,7,0
"48423","SMITH",1,43,2.33
"48425","SOMERVELL",0,3,0
"48427","STARR",0,2,0
"48429","STEPHENS",0,5,0
"48433","STONEWALL",0,3,0
"48439","TARRANT",8,354,2.26
"48441","TAYLOR",1,34,2.94
"48445","TERRY",0,1,0
"48449","TITUS",0,2,0
"48451","TOM GREEN",0,21,0
"48453","TRAVIS",2,175,1.14
"48455","TRINITY",0,5,0
"48457","TYLER",0,3,0
"48459","UPSHUR",0,6,0
"48461","UPTON",0,8,0
"48463","UVALDE",0,3,0
"48465","VAL VERDE",0,6,0
"48467","VAN ZANDT",0,10,0
"48469","VICTORIA",1,16,6.25
"48471","WALKER",0,10,0
"48473","WALLER",0,2,0
"48475","WARD",0,2,0
"48477","WASHINGTON",0,9,0
"48479","WEBB",1,28,3.57
"48481","WHARTON",2,8,25
"48483","WHEELER",0,3,0
"48485","WICHITA",0,23,0
"48489","WILLACY",0,3,0
"48491","WILLIAMSON",0,64,0
"48493","WILSON",0,11,0
"48495","WINKLER",0,2,0
"48497","WISE",0,8,0
"48499","WOOD",0,12,0
"48503","YOUNG",1,3,33.33
"48505","ZAPATA",0,3,0
"48507","ZAVALA",0,3,0
"49001","BEAVER",0,2,0
"49003","BOX ELDER",0,9,0
"49005","CACHE",0,14,0
"49007","CARBON",0,5,0
"49011","DAVIS",0,45,0
"49013","DUCHESNE",0,2,0
"49015","EMERY",0,2,0
"49019","GRAND",0,2,0
"49021","IRON",0,6,0
"49023","JUAB",0,2,0
"49027","MILLARD",0,3,0
"49029","MORGAN",0,1,0
"49035","SALT LAKE",0,181,0
"49037","SAN JUAN",0,1,0
"49039","SANPETE",0,6,0
"49041","SEVIER",0,6,0
"49043","SUMMIT",0,9,0
"49045","TOOELE",0,10,0
"49047","UINTAH",0,4,0
"49049","UTAH",0,75,0
"49051","WASATCH",0,3,0
"49053","WASHINGTON",0,25,0
"49055","WAYNE",0,1,0
"49057","WEBER",0,39,0
"50001","ADDISON",0,9,0
"50003","BENNINGTON",0,13,0
"50005","CALEDONIA",0,8,0
"50007","CHITTENDEN",0,57,0
"50009","ESSEX",0,13,0
"50011","FRANKLIN",0,13,0
"50015","LAMOILLE",0,7,0
"50017","ORANGE",0,12,0
"50019","ORLEANS",0,12,0
"50021","RUTLAND",0,20,0
"50023","WASHINGTON",0,16,0
"50025","WINDHAM",0,18,0
"50027","WINDSOR",0,18,0
"51001","ACCOMACK",0,14,0
"51003","ALBEMARLE",0,23,0
"51005","ALLEGHANY",0,3,0
"51007","AMELIA",0,3,0
"51009","AMHERST",0,7,0
"51011","APPOMATTOX",0,6,0
"51013","ARLINGTON",5,58,8.62
"51015","AUGUSTA",0,11,0
"51017","BATH",0,2,0
"51019","BEDFORD",0,10,0
"51021","BLAND",0,1,0
"51023","BOTETOURT",0,7,0
"51025","BRUNSWICK",0,4,0
"51027","BUCHANAN",0,6,0
"51029","BUCKINGHAM",0,5,0
"51031","CAMPBELL",0,10,0
"51033","CAROLINE",1,6,16.67
"51035","CARROLL",0,4,0
"51036","CHARLES CITY",0,2,0
"51037","CHARLOTTE",0,4,0
"51041","CHESTERFIELD",1,74,1.35
"51047","CULPEPER",0,13,0
"51051","DICKENSON",0,5,0
"51057","ESSEX",0,4,0
"51059","FAIRFAX",6,216,2.78
"51061","FAUQUIER",4,16,25
"51063","FLOYD",0,3,0
"51065","FLUVANNA",0,3,0
"51067","FRANKLIN",0,13,0
"51069","FREDERICK",1,27,3.7
"51071","GILES",0,11,0
"51073","GLOUCESTER",1,11,9.09
"51075","GOOCHLAND",2,10,20
"51077","GRAYSON",0,1,0
"51079","GREENE",0,5,0
"51081","GREENSVILLE",0,4,0
"51083","HALIFAX",0,11,0
"51085","HANOVER",0,24,0
"51087","HENRICO",2,85,2.35
"51089","HENRY",0,8,0
"51093","ISLE OF WIGHT",1,8,12.5
"51095","JAMES CITY",2,32,6.25
"51099","KING GEORGE",0,7,0
"51101","KING WILLIAM",0,4,0
"51103","LANCASTER",0,9,0
"51105","LEE",0,3,0
"51107","LOUDOUN",3,74,4.05
"51109","LOUISA",0,7,0
"51111","LUNENBURG",1,3,33.33
"51115","MATHEWS",0,3,0
"51117","MECKLENBURG",0,8,0
"51119","MIDDLESEX",0,2,0
"51121","MONTGOMERY",2,22,9.09
"51125","NELSON",0,3,0
"51127","NEW KENT",1,8,12.5
"51131","NORTHAMPTON",0,1,0
"51135","NOTTOWAY",0,1,0
"51137","ORANGE",1,9,11.11
"51139","PAGE",0,4,0
"51141","PATRICK",0,4,0
"51143","PITTSYLVANIA",1,15,6.67
"51145","POWHATAN",0,6,0
"51147","PRINCE EDWARD",0,10,0
"51149","PRINCE GEORGE",0,5,0
"51153","PRINCE WILLIAM",9,99,9.09
"51155","PULASKI",0,10,0
"51159","RICHMOND",0,5,0
"51161","ROANOKE",2,28,7.14
"51163","ROCKBRIDGE",0,6,0
"51165","ROCKINGHAM",0,16,0
"51167","RUSSELL",0,6,0
"51169","SCOTT",0,4,0
"51171","SHENANDOAH",0,16,0
"51173","SMYTH",0,9,0
"51175","SOUTHAMPTON",0,4,0
"51177","SPOTSYLVANIA",1,33,3.03
"51179","STAFFORD",0,31,0
"51183","SUSSEX",0,6,0
"51185","TAZEWELL",1,10,10
"51187","WARREN",0,8,0
"51191","WASHINGTON",0,19,0
"51193","WESTMORELAND",0,3,0
"51195","WISE",0,18,0
"51197","WYTHE",0,11,0
"51199","YORK",0,13,0
"51510","ALEXANDRIA CITY",1,32,3.12
"51520","BRISTOL CITY",0,4,0
"51530","BUENA VISTA CITY",0,4,0
"51540","CHARLOTTESVILLE CITY",0,14,0
"51550","CHESAPEAKE CITY",1,56,1.79
"51570","COLONIAL HEIGHTS CITY",0,7,0
"51580","COVINGTON CITY",0,3,0
"51590","DANVILLE CITY",0,21,0
"51600","FAIRFAX CITY",0,11,0
"51610","FALLS CHURCH CITY",1,6,16.67
"51620","FRANKLIN CITY",0,2,0
"51630","FREDERICKSBURG CITY",0,4,0
"51640","GALAX CITY",0,8,0
"51650","HAMPTON CITY",1,40,2.5
"51660","HARRISONBURG CITY",0,17,0
"51670","HOPEWELL CITY",4,16,25
"51678","LEXINGTON CITY",0,2,0
"51680","LYNCHBURG CITY",0,31,0
"51685","MANASSAS PARK CITY",1,7,14.29
"51690","MARTINSVILLE CITY",1,11,9.09
"51700","NEWPORT NEWS CITY",1,44,2.27
"51710","NORFOLK CITY",1,55,1.82
"51730","PETERSBURG CITY",1,17,5.88
"51735","POQUOSON CITY",0,3,0
"51740","PORTSMOUTH CITY",1,28,3.57
"51750","RADFORD CITY",1,6,16.67
"51760","RICHMOND CITY",0,55,0
"51770","ROANOKE CITY",0,28,0
"51775","SALEM CITY",0,9,0
"51790","STAUNTON CITY",0,9,0
"51800","SUFFOLK CITY",2,30,6.67
"51810","VIRGINIA BEACH CITY",3,109,2.75
"51820","WAYNESBORO CITY",1,15,6.67
"51840","WINCHESTER CITY",1,11,9.09
"53001","ADAMS",0,1,0
"53003","ASOTIN",0,4,0
"53005","BENTON",0,32,0
"53007","CHELAN",0,15,0
"53009","CLALLAM",0,22,0
"53011","CLARK",0,83,0
"53015","COWLITZ",0,17,0
"53017","DOUGLAS",0,7,0
"53021","FRANKLIN",0,8,0
"53023","GARFIELD",0,1,0
"53025","GRANT",0,22,0
"53027","GRAYS HARBOR",0,15,0
"53029","ISLAND",0,18,0
"53031","JEFFERSON",0,3,0
"53033","KING",1,394,0.25
"53035","KITSAP",0,53,0
"53037","KITTITAS",0,8,0
"53039","KLICKITAT",0,6,0
"53041","LEWIS",0,14,0
"53043","LINCOLN",0,1,0
"53045","MASON",0,10,0
"53047","OKANOGAN",0,11,0
"53049","PACIFIC",0,5,0
"53051","PEND OREILLE",0,2,0
"53053","PIERCE",0,146,0
"53055","SAN JUAN",0,4,0
"53057","SKAGIT",0,27,0
"53059","SKAMANIA",0,2,0
"53061","SNOHOMISH",0,135,0
"53063","SPOKANE",0,108,0
"53065","STEVENS",0,7,0
"53067","THURSTON",0,48,0
"53071","WALLA WALLA",0,14,0
"53073","WHATCOM",0,43,0
"53075","WHITMAN",0,8,0
"53077","YAKIMA",0,46,0
"54001","BARBOUR",0,3,0
"54003","BERKELEY",0,21,0
"54005","BOONE",0,3,0
"54007","BRAXTON",0,4,0
"54009","BROOKE",0,4,0
"54011","CABELL",0,27,0
"54013","CALHOUN",0,3,0
"54015","CLAY",0,11,0
"54019","FAYETTE",0,17,0
"54021","GILMER",0,3,0
"54023","GRANT",0,4,0
"54025","GREENBRIER",0,15,0
"54027","HAMPSHIRE",0,5,0
"54029","HANCOCK",0,10,0
"54031","HARDY",0,3,0
"54033","HARRISON",0,24,0
"54035","JACKSON",0,6,0
"54037","JEFFERSON",0,14,0
"54039","KANAWHA",0,65,0
"54041","LEWIS",0,8,0
"54043","LINCOLN",0,7,0
"54045","LOGAN",0,13,0
"54047","MCDOWELL",0,4,0
"54049","MARION",0,11,0
"54051","MARSHALL",0,5,0
"54053","MASON",0,6,0
"54055","MERCER",0,23,0
"54057","MINERAL",0,4,0
"54059","MINGO",0,3,0
"54061","MONONGALIA",0,27,0
"54063","MONROE",0,5,0
"54065","MORGAN",1,3,33.33
"54067","NICHOLAS",0,10,0
"54069","OHIO",0,10,0
"54071","PENDLETON",0,2,0
"54073","PLEASANTS",0,1,0
"54075","POCAHONTAS",0,3,0
"54077","PRESTON",0,14,0
"54079","PUTNAM",0,14,0
"54081","RALEIGH",0,19,0
"54083","RANDOLPH",0,9,0
"54085","RITCHIE",0,8,0
"54087","ROANE",0,2,0
"54089","SUMMERS",0,5,0
"54093","TUCKER",0,3,0
"54097","UPSHUR",0,7,0
"54099","WAYNE",0,8,0
"54101","WEBSTER",0,4,0
"54103","WETZEL",0,9,0
"54105","WIRT",0,2,0
"54107","WOOD",1,24,4.17
"54109","WYOMING",0,10,0
"55001","ADAMS",0,2,0
"55003","ASHLAND",0,6,0
"55005","BARRON",0,11,0
"55007","BAYFIELD",0,2,0
"55009","BROWN",0,51,0
"55011","BUFFALO",0,2,0
"55013","BURNETT",0,5,0
"55015","CALUMET",0,9,0
"55017","CHIPPEWA",0,14,0
"55019","CLARK",0,8,0
"55021","COLUMBIA",0,17,0
"55023","CRAWFORD",0,4,0
"55025","DANE",0,102,0
"55027","DODGE",0,16,0
"55029","DOOR",0,13,0
"55031","DOUGLAS",0,11,0
"55033","DUNN",0,10,0
"55035","EAU CLAIRE",0,18,0
"55037","FLORENCE",0,1,0
"55039","FOND DU LAC",0,19,0
"55041","FOREST",0,2,0
"55043","GRANT",0,14,0
"55045","GREEN",0,8,0
"55047","GREEN LAKE",0,6,0
"55049","IOWA",0,4,0
"55051","IRON",0,4,0
"55053","JACKSON",0,3,0
"55055","JEFFERSON",0,22,0
"55057","JUNEAU",0,5,0
"55059","KENOSHA",0,39,0
"55061","KEWAUNEE",0,5,0
"55063","LA CROSSE",0,23,0
"55065","LAFAYETTE",0,3,0
"55067","LANGLADE",0,4,0
"55069","LINCOLN",0,7,0
"55071","MANITOWOC",0,17,0
"55073","MARATHON",0,25,0
"55075","MARINETTE",0,10,0
"55077","MARQUETTE",0,4,0
"55078","MENOMINEE",0,1,0
"55079","MILWAUKEE",0,208,0
"55081","MONROE",0,9,0
"55083","OCONTO",0,7,0
"55085","ONEIDA",0,13,0
"55087","OUTAGAMIE",0,42,0
"55089","OZAUKEE",0,27,0
"55091","PEPIN",0,1,0
"55093","PIERCE",0,10,0
"55095","POLK",0,13,0
"55097","PORTAGE",0,16,0
"55099","PRICE",0,5,0
"55101","RACINE",0,40,0
"55103","RICHLAND",0,3,0
"55105","ROCK",0,39,0
"55107","RUSK",0,6,0
"55109","ST. CROIX",0,13,0
"55111","SAUK",0,13,0
"55113","SAWYER",0,6,0
"55115","SHAWANO",0,10,0
"55117","SHEBOYGAN",0,28,0
"55119","TAYLOR",0,6,0
"55121","TREMPEALEAU",0,5,0
"55123","VERNON",0,7,0
"55125","VILAS",0,6,0
"55127","WALWORTH",0,17,0
"55129","WASHBURN",0,6,0
"55131","WASHINGTON",0,33,0
"55133","WAUKESHA",0,96,0
"55135","WAUPACA",0,15,0
"55137","WAUSHARA",0,7,0
"55139","WINNEBAGO",0,32,0
"55141","WOOD",0,17,0
"56001","ALBANY",0,7,0
"56003","BIG HORN",0,4,0
"56005","CAMPBELL",0,7,0
"56007","CARBON",0,5,0
"56009","CONVERSE",0,2,0
"56011","CROOK",0,1,0
"56013","FREMONT",0,10,0
"56015","GOSHEN",0,3,0
"56017","HOT SPRINGS",0,3,0
"56019","JOHNSON",0,3,0
"56021","LARAMIE",0,15,0
"56023","LINCOLN",0,2,0
"56025","NATRONA",0,13,0
"56029","PARK",0,9,0
"56031","PLATTE",0,3,0
"56033","SHERIDAN",0,6,0
"56035","SUBLETTE",0,3,0
"56037","SWEETWATER",0,7,0
"56039","TETON",0,5,0
"56041","UINTA",0,5,0
"56043","WASHAKIE",0,3,0
"56045","WESTON",0,5,0
